"FireDiscoveryDateTime","lon","lat","mean_slope","Elevation","mean_forest","mean_grass","mean_shrub","Temp_Max_Buffered","Temp_Min_Buffered","Precipitation_Buffered","GEOID","NAME","pop.density","pop.","geometry","distance_rd_primary","distance_rd_secondary","distance_rd_4wd","distance_rd_min_prisec","distance_rd_min_all","distance_rd_min_isprisec"
2023-12-31 12:00:00,-110.941730101884,34.8779368696977,14.37248137,1930.940568,0.281079529,0,0,18.4624601513117,2.61166189359705,1.02079763342899,"04005001500","Census Tract 15, Coconino County, Arizona",4.58277424434583e-07,3186,c(505325.108952952, 3859508.41213333),23034.2436882203,3058.62062305699,6824.57236354843,3058.62062305699,3058.62062305699,1
2023-12-31 12:00:00,-112.255359238868,36.6600990376361,16.98671015,2473.381829,0.745255894,0.164174813,0,14.7956158217432,0.0375236600565727,1.34555105867875,"04005002000","Census Tract 20, Coconino County, Arizona",2.80661638174944e-07,2037,c(387805.25509569, 4057901.05605959),127578.053340668,4297.27728791547,21931.9926642506,4297.27728791547,4297.27728791547,1
2023-12-31 12:00:00,-112.36527736426,35.4206784400329,9.653686529,1821.789125,0.008918297,0.73561565,0,19.8415772161412,2.63452304037327,1.16186488117096,"04005002300","Census Tract 23, Coconino County, Arizona",5.32670460506318e-07,6674,c(376053.269709964, 3920552.30257218),22197.6657036661,17668.1453680937,1054.16084607706,17668.1453680937,1054.16084607706,0
2023-12-31 12:00:00,-111.992411231627,36.6625805252491,4.259055805,1590.269176,0,0.30163746,0,20.7371232887887,6.08106351326761,0.813723537265776,"04005002000","Census Tract 20, Coconino County, Arizona",2.80661638174944e-07,2037,c(411309.225867142, 4057901.05605959),150104.967780871,5635.05738232532,744.076511829595,5635.05738232532,744.076511829595,0
2023-12-31 12:00:00,-111.202707555603,36.3913835541818,10.75521263,1937.272125,0.002594408,0,0,18.4563125786413,4.00954545308927,0.735897260991534,"04005942201","Census Tract 9422.01, Coconino County, Arizona",1.70879818657908e-06,4073,c(481821.138181499, 4027379.11084017),133164.662458644,21503.1168911105,2321.16762790326,21503.1168911105,2321.16762790326,0
2023-12-31 12:00:00,-111.199588917004,35.1530155977484,3.860652088,1715.697319,0,0.916114154,0,20.3127608880238,3.7014956416435,0.951178703823153,"04005001302","Census Tract 13.02, Coconino County, Arizona",7.05865692299107e-06,5536,c(481821.138181499, 3890030.35735276),1821.22538102149,23624.3630676265,3271.3398924834,1821.22538102149,1821.22538102149,1
2023-12-31 12:00:00,-110.94133632748,35.4283823605653,3.703888267,1562.004312,0,0.928715148,0,21.7085666125451,4.83751307439012,0.692220423062211,"04005945100","Census Tract 9451, Coconino County, Arizona",6.27200266358516e-07,3679,c(505325.108952952, 3920552.30257218),36142.8975195512,15177.1061909451,7196.40973170416,15177.1061909451,7196.40973170416,0
2023-12-31 12:00:00,-112.523710292915,36.9320875658343,2.718912057,1420.136782,0,0.014655172,0.013793103,22.2468655052522,5.4548555435426,0.872295767199106,"04005002000","Census Tract 20, Coconino County, Arizona",2.80661638174944e-07,2037,c(364301.284324237, 4088423.00127901),98133.2805329355,855.885168152944,23169.1277457304,855.885168152944,855.885168152944,1
2023-12-31 12:00:00,-110.811550768454,35.5658529289059,3.762043921,1532.966571,0,0.206628242,0,22.0813692467021,5.16841594256095,0.673804484131957,"04005945100","Census Tract 9451, Coconino County, Arizona",6.27200266358516e-07,3679,c(517077.094338678, 3935813.27518189),53385.9583039475,30653.2876558993,1349.30670396934,30653.2876558993,1349.30670396934,0
2023-12-31 12:00:00,-111.46316145523,36.1154878025656,4.919572453,1525.540517,0,0.037643678,0,21.5665049771229,6.6658188039251,0.712977583724704,"04005945000","Census Tract 9450, Coconino County, Arizona",1.05607220809452e-06,4180,c(458317.167410047, 3996857.16562074),99875.5708134514,6105.36384102591,5493.46804296022,6105.36384102591,5493.46804296022,0
2023-12-31 12:00:00,-111.071918818025,36.6666936007933,7.218346899,1740.298246,0,0.001725626,0,19.7299894174869,5.88442964060897,0.597003735807301,"04005942202","Census Tract 9422.02, Coconino County, Arizona",1.31120068714677e-06,3813,c(493573.123567225, 4057901.05605959),165222.314107765,5921.34017024363,11058.8150043513,5921.34017024363,5921.34017024363,1
2023-12-31 12:00:00,-111.982027746807,35.8371854949253,5.861671516,2038.410632,0.625,0.018965517,0,17.861841848532,1.50307845849812,1.19943898035202,"04005002200","Census Tract 22, Coconino County, Arizona",1.35710650157221e-06,6457,c(411309.225867142, 3966335.22040132),63784.3847687712,13534.6086328977,5090.84093275351,13534.6086328977,5090.84093275351,0
2023-12-31 12:00:00,-111.070681183389,35.2907692148533,3.33166699,1509.991087,0,0.571305348,0,21.9666973790748,5.17006351106845,0.652582192788616,"04005945100","Census Tract 9451, Coconino County, Arizona",6.27200266358516e-07,3679,c(493573.123567225, 3905291.32996247),19266.6812699472,6963.02690065303,489.525731394336,6963.02690065303,489.525731394336,0
2023-12-31 12:00:00,-112.626859342329,35.5550229554711,2.850696824,1806.824885,0,0.113767281,0,20.0246270253735,2.81058966275287,1.06449813138867,"04005002300","Census Tract 23, Coconino County, Arizona",5.32670460506318e-07,6674,c(352549.298938511, 3935813.27518189),32900.9614238402,32811.9400308164,9477.2794327003,32811.9400308164,9477.2794327003,0
2023-12-31 12:00:00,-111.070325959346,34.8779304940662,3.537116138,1799.359033,0.002013809,0.051208285,0,19.6749545494861,3.32326463181727,1.07082939033857,"04005001500","Census Tract 15, Coconino County, Arizona",4.58277424434583e-07,3186,c(493573.123567225, 3859508.41213333),25915.3119233007,11713.3111287409,2204.95266798279,11713.3111287409,2204.95266798279,0
2023-12-31 12:00:00,-112.372312815815,35.8333621949459,5.442378797,1739.686314,0,0.05520414,0,20.2746077105811,3.87014134630541,1.03167123267543,"04005002300","Census Tract 23, Coconino County, Arizona",5.32670460506318e-07,6674,c(376053.269709964, 3966335.22040132),65488.1940538716,21661.755154165,17397.7958525797,21661.755154165,17397.7958525797,0
2023-12-31 12:00:00,-110.81405950399,34.46494229562,10.47249212,2153.867203,0.796780684,0.004599023,0,17.0714663683413,2.63244769799655,1.66115379913596,"04005001500","Census Tract 15, Coconino County, Arizona",4.58277424434583e-07,3186,c(517077.094338678, 3813725.4943042),62299.5461084186,14981.404720534,2522.07089258352,14981.404720534,2522.07089258352,0
2023-12-31 12:00:00,-110.941033910823,35.841183502874,5.961098252,1720.979023,0,0.030172414,0,20.6587795789155,4.50201806022263,0.782526774355362,"04005945100","Census Tract 9451, Coconino County, Arizona",6.27200266358516e-07,3679,c(505325.108952952, 3966335.22040132),81128.9725693057,9045.47970840271,5396.90315000779,9045.47970840271,5396.90315000779,0
2023-12-31 12:00:00,-111.332580888513,36.1159214670422,4.410982883,1405.484901,0,0.407822836,0,22.4562316329341,7.32595703523431,0.593305728456377,"04005945000","Census Tract 9450, Coconino County, Arizona",1.05607220809452e-06,4180,c(470069.152795773, 3996857.16562074),101515.134122627,1824.83764040782,146.039289074428,1824.83764040782,146.039289074428,0
2023-12-31 12:00:00,-112.629648571402,35.6925679390519,3.774210633,1726.104053,0.001437195,0.601322219,0,20.4826488167216,3.8004862987287,0.997441469837143,"04005002300","Census Tract 23, Coconino County, Arizona",5.32670460506318e-07,6674,c(352549.298938511, 3951074.2477916),47025.8943174337,44595.4076363855,16628.5197380677,44595.4076363855,16628.5197380677,0
2023-12-31 12:00:00,-111.459973075023,35.5651227456331,4.50478992,1638.887644,0,0.925287356,0,20.9025952579109,4.52358717483757,0.847345579152527,"04005002200","Census Tract 22, Coconino County, Arizona",1.35710650157221e-06,6457,c(458317.167410047, 3935813.27518189),39506.2046784326,6510.01808635458,7002.05976910751,6510.01808635458,6510.01808635458,1
2023-12-31 12:00:00,-111.453849885496,34.4642411975946,9.637039258,2122.71892,0.706000574,0.064886592,0,17.1191232830033,4.38157658816719,2.01015504448391,"04005001500","Census Tract 15, Coconino County, Arizona",4.58277424434583e-07,3186,c(458317.167410047, 3813725.4943042),36304.0479060174,686.039953710972,6591.04751752693,686.039953710972,686.039953710972,1
2023-12-31 12:00:00,-111.465610129828,36.5282281990076,7.6532731,1884.159954,0,0,0,18.7712465751318,4.74321730879127,0.735075964632056,"04005942201","Census Tract 9422.01, Coconino County, Arizona",1.70879818657908e-06,4073,c(458317.167410047, 4042640.08344988),145511.726466692,10825.0689071381,3146.50063284445,10825.0689071381,3146.50063284445,0
2023-12-31 12:00:00,-111.980337856871,35.6996083349714,4.029628238,1951.168824,0.117054932,0.061834915,0,18.5792129553015,1.93232253963498,1.22160647603201,"04005002200","Census Tract 22, Coconino County, Arizona",1.35710650157221e-06,6457,c(411309.225867142, 3951074.2477916),48642.8369806651,11721.8891018226,8486.07145244911,11721.8891018226,8486.07145244911,0
2023-12-31 12:00:00,-111.462356237012,35.9779012993359,17.65632251,1490.190449,0,0.208573072,0,21.704928388903,6.7664383574198,0.721199252937743,"04005945000","Census Tract 9450, Coconino County, Arizona",1.05607220809452e-06,4180,c(458317.167410047, 3981596.19301103),84698.5001358507,6049.57220944096,3280.42556303058,6049.57220944096,3280.42556303058,0
2023-12-31 12:00:00,-111.468109146723,36.9409398255286,12.8687673,1194.987928,0,0.008910606,0,22.7204003700057,8.79484122213878,0.455037360254595,"04005002100","Census Tract 21, Coconino County, Arizona",0.000112879575897165,7247,c(458317.167410047, 4088423.00127901),190866.556637221,1006.6058588101,3217.47335908358,1006.6058588101,1006.6058588101,1
2023-12-31 12:00:00,-111.599006092752,36.8027819465343,35.17249746,1271.059839,0,0.035097814,0,22.787546083279,8.68015629014157,0.51442963944199,"04005945000","Census Tract 9450, Coconino County, Arizona",1.05607220809452e-06,4180,c(446565.182024321, 4073162.0286693),173871.028925917,1099.2460555609,2730.26654687556,1099.2460555609,1099.2460555609,1
2023-12-31 12:00:00,-112.51557935783,36.5195071504297,46.17498429,1762.091118,0.039666571,0,0,19.9226475691851,4.40602863844159,1.04441033756955,"04005002000","Census Tract 20, Coconino County, Arizona",2.80661638174944e-07,2037,c(364301.284324237, 4042640.08344988),112068.060553331,30147.8060241903,6964.21818018461,30147.8060241903,6964.21818018461,0
2023-12-31 12:00:00,-110.941236204417,35.5659858904668,4.451904599,1488.946536,0,0.125898247,0,22.2900622714436,5.53342029996606,0.664299502097661,"04005945100","Census Tract 9451, Coconino County, Arizona",6.27200266358516e-07,3679,c(505325.108952952, 3935813.27518189),51169.4643092756,30037.3737088763,5051.25832476317,30037.3737088763,5051.25832476317,0
2023-12-31 12:00:00,-111.070443565655,35.0155465294586,4.650542142,1695.047784,0,0.069372481,0,20.4511382267925,3.73983873166574,0.84797198005219,"04005001500","Census Tract 15, Coconino County, Arizona",4.58277424434583e-07,3186,c(493573.123567225, 3874769.38474304),10859.7993100797,20394.6210962807,1098.98777129686,10859.7993100797,1098.98777129686,0
2023-12-31 12:00:00,-111.455349693385,34.7394804063322,9.792904414,2170.363793,1,0,0,16.6183038608586,1.75395766064183,1.88867496938105,"04005001500","Census Tract 15, Coconino County, Arizona",4.58277424434583e-07,3186,c(458317.167410047, 3844247.43952362),13635.4641346474,24683.5429929332,3820.21660028905,13635.4641346474,3820.21660028905,0
2023-12-31 12:00:00,-111.458411009891,35.2899212242299,6.856734308,2017.982476,0.98017811,0,0,17.9348580320366,1.3357864238646,1.2519078458744,"04005001302","Census Tract 13.02, Coconino County, Arizona",7.05865692299107e-06,5536,c(458317.167410047, 3905291.32996247),9675.31789936867,7634.4972092322,4585.3384498483,7634.4972092322,4585.3384498483,0
2023-12-31 12:00:00,-111.20060739659,35.5658333113533,4.370908279,1376.92851,0,0.512539637,0,22.9519595160615,6.92259153497319,0.617556040049312,"04005945100","Census Tract 9451, Coconino County, Arizona",6.27200266358516e-07,3679,c(481821.138181499, 3935813.27518189),44502.0823804106,29706.4907291846,3777.82255123003,29706.4907291846,3777.82255123003,0
2023-12-31 12:00:00,-112.127916284952,36.9365063186842,4.936775277,1976.085039,0.081579706,0,0,17.9111357396164,3.16213512002974,0.887463885653253,"04005002000","Census Tract 20, Coconino County, Arizona",2.80661638174944e-07,2037,c(399557.240481416, 4088423.00127901),133263.048364157,14893.5231633485,3577.74026944753,14893.5231633485,3577.74026944753,0
2023-12-31 12:00:00,-110.940516012272,36.5291221942191,6.683327263,1947.491954,0,0.036781609,0,18.5517590248918,4.45449003800743,0.678373599381577,"04005942202","Census Tract 9422.02, Coconino County, Arizona",1.31120068714677e-06,3813,c(505325.108952952, 4042640.08344988),153103.38477832,7879.42176257956,587.45703296133,7879.42176257956,587.45703296133,0
2023-12-31 12:00:00,-112.386820234825,36.6586406884757,8.856975718,1994.388043,0.349525726,0,0,18.2274315071274,2.97807098461162,1.15834557973546,"04005002000","Census Tract 20, Coconino County, Arizona",2.80661638174944e-07,2037,c(376053.269709964, 4057901.05605959),116459.42608888,14635.9504998164,13462.0739619278,14635.9504998164,13462.0739619278,0
2023-12-31 12:00:00,-111.848995662568,35.563010823009,3.820351417,2011.424216,0.478285879,0.028472821,0,18.1191824372845,1.19663262738668,1.32117559166304,"04005002200","Census Tract 22, Coconino County, Arizona",1.35710650157221e-06,6457,c(423061.211252868, 3935813.27518189),34644.1748400529,1975.02997991195,7583.11834061763,1975.02997991195,1975.02997991195,1
2023-12-31 12:00:00,-112.123889257778,36.6614123264156,15.15802792,2165.816849,0.294709603,0.000575043,0,17.1336332564732,2.57895890194654,1.11028393565458,"04005002000","Census Tract 20, Coconino County, Arizona",2.80661638174944e-07,2037,c(399557.240481416, 4057901.05605959),138801.079910964,4977.03488318869,11076.7728033482,4977.03488318869,4977.03488318869,1
2023-12-31 12:00:00,-112.121896142143,36.5238604107411,15.31744558,2582.504466,0.995678479,0,0,13.8533692390532,-0.674646326896215,1.44082378595231,"04005002000","Census Tract 20, Coconino County, Arizona",2.80661638174944e-07,2037,c(399557.240481416, 4042640.08344988),139754.476141214,1595.94434823673,11533.3257317211,1595.94434823673,1595.94434823673,1
2023-12-31 12:00:00,-111.071166192298,35.8411768974316,5.02932629,1655.375719,0,0,0,20.9911288904115,4.96146077320431,0.792978205858073,"04005945100","Census Tract 9451, Coconino County, Arizona",6.27200266358516e-07,3679,c(493573.123567225, 3966335.22040132),77162.1195307858,17199.0340479572,336.432925497386,17199.0340479572,336.432925497386,0
2023-12-31 12:00:00,-112.762512203956,35.8282722565564,3.502822383,1740.802991,0,0,0,20.1934582799217,3.97323972486309,0.991601494796919,"04005002300","Census Tract 23, Coconino County, Arizona",5.32670460506318e-07,6674,c(340797.313552785, 3966335.22040132),57564.4107553525,51515.4698607157,27379.433888013,51515.4698607157,27379.433888013,0
2023-12-31 12:00:00,-112.259857051131,36.9351799000816,4.290800404,1652.469029,0,0,0,20.2866127004868,4.58284246484682,0.837036737404641,"04005002000","Census Tract 20, Coconino County, Arizona",2.80661638174944e-07,2037,c(387805.25509569, 4088423.00127901),121545.006621325,9204.63000108392,7908.37906310361,9204.63000108392,7908.37906310361,0
2023-12-31 12:00:00,-111.197936807665,34.464923459496,15.9795062,2273.50474,0.970985349,0.014076415,0,15.7772241585926,2.81307471940964,2.15567745974247,"04005001500","Census Tract 15, Coconino County, Arizona",4.58277424434583e-07,3186,c(481821.138181499, 3813725.4943042),50921.821194875,12915.1734987668,6495.08077097428,12915.1734987668,6495.08077097428,0
2023-12-31 12:00:00,-111.467270481982,36.803372487772,16.4565928,1556.770624,0,0,0,20.5777054789563,7.00729265174393,0.594231631583149,"04005942201","Census Tract 9422.01, Coconino County, Arizona",1.70879818657908e-06,4073,c(458317.167410047, 4073162.0286693),175903.089372457,4547.30520001968,3317.86964527355,4547.30520001968,3317.86964527355,0
2023-12-31 12:00:00,-113.022585520316,35.8241757676006,5.323697284,2012.342249,0.877768191,0.025884383,0,17.756252794258,2.53665006149633,1.04424221627646,"04005002300","Census Tract 23, Coconino County, Arizona",5.32670460506318e-07,6674,c(317293.342781333, 3966335.22040132),56245.9982920798,37440.2561492981,29960.9460763601,37440.2561492981,29960.9460763601,0
2023-12-31 12:00:00,-112.507612165497,36.1068966010827,11.62601531,1778.101612,0.000287853,0,0,19.7128947717957,3.90649128354423,1.07989726094286,"04005002300","Census Tract 23, Coconino County, Arizona",5.32670460506318e-07,6674,c(364301.284324237, 3996857.16562074),93646.6859456922,36898.4130310634,1847.41470205202,36898.4130310634,1847.41470205202,0
2023-12-31 12:00:00,-111.584696062025,34.8765449317127,8.808004319,2043.443231,0.127335441,0.835584938,0,17.7747895377263,2.02830884598591,1.84092465742104,"04005001500","Census Tract 15, Coconino County, Arizona",4.58277424434583e-07,3186,c(446565.182024321, 3859508.41213333),3151.88641995906,13450.4292671148,2068.72258077532,3151.88641995906,2068.72258077532,0
2023-12-31 12:00:00,-111.589651619031,35.5645582354931,12.84333922,1879.041739,0.014680484,0.963442717,0,19.2476438372729,2.68132378517366,1.06342714816124,"04005002200","Census Tract 22, Coconino County, Arizona",1.35710650157221e-06,6457,c(446565.182024321, 3935813.27518189),38390.1716210702,5003.58596515423,12144.6435960638,5003.58596515423,5003.58596515423,1
2023-12-31 12:00:00,-111.843268702174,35.01263751143,18.21175851,2070.732873,0.75388601,0.039435809,0,17.6602434576516,1.82195516656739,1.86784620227506,"04005002200","Census Tract 22, Coconino County, Arizona",1.35710650157221e-06,6457,c(423061.211252868, 3874769.38474304),14374.5822563258,9331.47947818579,6166.69347168921,9331.47947818579,6166.69347168921,0
2023-12-31 12:00:00,-110.811871850366,35.4282500687327,3.46583812,1495.763097,0,0.699481865,0,22.3711388618032,5.29279389417051,0.633415940650175,"04005945100","Census Tract 9451, Coconino County, Arizona",6.27200266358516e-07,3679,c(517077.094338678, 3920552.30257218),38488.9662920194,21961.7618839892,4723.67841721979,21961.7618839892,4723.67841721979,0
2023-12-31 12:00:00,-111.857882551237,36.3884747480554,70.40514774,1096.183362,0,0.016407599,0,23.5708449589359,8.67361955251639,0.736871731654508,"04005002000","Census Tract 20, Coconino County, Arizona",2.80661638174944e-07,2037,c(423061.211252868, 4027379.11084017),125633.080702575,23643.2697846894,9418.23161240071,23643.2697846894,9418.23161240071,0
2023-12-31 12:00:00,-112.520981574623,36.7945641188659,6.397653333,1572.454833,0,0,0,21.1714190521006,5.25543462191141,0.933744084781135,"04005002000","Census Tract 20, Coconino County, Arizona",2.80661638174944e-07,2037,c(364301.284324237, 4073162.0286693),100763.45734964,13687.964728585,10654.3976486778,13687.964728585,10654.3976486778,0
2023-12-31 12:00:00,-111.459189395693,35.4275235633598,6.766933226,1808.319528,0.589588726,0.125107852,0,19.511234123359,2.81423100921937,1.04137920356444,"04005002200","Census Tract 22, Coconino County, Arizona",1.35710650157221e-06,6457,c(458317.167410047, 3920552.30257218),24756.8781740852,9736.55933476069,7116.72000910566,9736.55933476069,7116.72000910566,0
2023-12-31 12:00:00,-113.152601597202,35.8219166956668,18.74371066,2103.29586,0.983898792,0,0,17.1968094652384,2.30524968818477,0.99391656151137,"04005002300","Census Tract 23, Coconino County, Arizona",5.32670460506318e-07,6674,c(305541.357395607, 3966335.22040132),58644.427115655,32962.2105230755,27912.0374882458,32962.2105230755,27912.0374882458,0
2023-12-31 12:00:00,-111.071791244025,36.52911542126,9.58118325,1886.120219,0.018119068,0,0,18.8155479403438,4.69359340137966,0.664808219351951,"04005942202","Census Tract 9422.02, Coconino County, Arizona",1.31120068714677e-06,3813,c(493573.123567225, 4042640.08344988),150258.450365709,6653.71782533547,5021.13232445205,6653.71782533547,5021.13232445205,0
2023-12-31 12:00:00,-111.461556459012,35.8403116187469,7.051023388,1380.061728,0,0.051392478,0,22.8026151910443,7.28940224581908,0.654212328329555,"04005945000","Census Tract 9450, Coconino County, Arizona",1.05607220809452e-06,4180,c(458317.167410047, 3966335.22040132),69553.6354823992,2049.70396967273,1371.27437626153,2049.70396967273,1371.27437626153,0
2023-12-31 12:00:00,-111.729434806193,36.6644815511362,33.7613625,1403.507617,0,0,0,21.587202368631,7.31333436978213,0.643832502838413,"04005945000","Census Tract 9450, Coconino County, Arizona",1.05607220809452e-06,4180,c(434813.196638594, 4057901.05605959),157112.660708404,6767.09565421049,3784.34076241844,6767.09565421049,3784.34076241844,0
2023-12-31 12:00:00,-110.808902225519,36.6665620053878,38.20433456,1749.269408,0.011788384,0,0,19.9233847995553,5.75172664644586,0.572526774836123,"04005942202","Census Tract 9422.02, Coconino County, Arizona",1.31120068714677e-06,3813,c(517077.094338678, 4057901.05605959),171171.871143487,9106.64957445127,2511.85241094311,9106.64957445127,2511.85241094311,0
2023-12-31 12:00:00,-111.070561971872,35.1531594381639,3.09489577,1625.275812,0,0.852746621,0,21.0745224206295,4.23585367806747,0.710749688910645,"04005001500","Census Tract 15, Coconino County, Arizona",4.58277424434583e-07,3186,c(493573.123567225, 3890030.35735276),4205.78770228002,12501.632996846,938.13973055797,4205.78770228002,938.13973055797,0
2023-12-31 12:00:00,-110.81122750288,35.7034526393708,5.500989472,1702.254891,0,0.041139241,0,20.8469327590316,4.14642528042836,0.763957659418398,"04005945100","Census Tract 9451, Coconino County, Arizona",6.27200266358516e-07,3679,c(517077.094338678, 3951074.2477916),68397.446428897,23400.9261692428,2617.81827510275,23400.9261692428,2617.81827510275,0
2023-12-31 12:00:00,-111.860926100849,36.6636036078349,3.511570722,1443.384129,0,0.175963197,0,21.6743418431996,7.14451805300264,0.691214197319344,"04005002000","Census Tract 20, Coconino County, Arizona",2.80661638174944e-07,2037,c(423061.211252868, 4057901.05605959),156095.402408647,2324.82299320518,1632.0507500521,2324.82299320518,1632.0507500521,0
2023-12-31 12:00:00,-112.889300408012,35.6887718073571,7.724320379,1881.464614,0.003452244,0.311565017,0,19.2911363650908,2.9605809466698,1.0166413443446,"04005002300","Census Tract 23, Coconino County, Arizona",5.32670460506318e-07,6674,c(329045.328167059, 3951074.2477916),40645.9365946442,32279.5208624415,16883.3905643735,32279.5208624415,16883.3905643735,0
2023-12-31 12:00:00,-112.624088946987,35.4174746386589,7.166061585,1770.152474,0.106731876,0.038262371,0,20.4656164423777,2.76172602655478,1.12373225460662,"04005002300","Census Tract 23, Coconino County, Arizona",5.32670460506318e-07,6674,c(352549.298938511, 3920552.30257218),18972.7992506518,23075.1818369244,10262.1304724157,18972.7992506518,10262.1304724157,0
2023-12-31 12:00:00,-111.732048846917,36.9396062302394,21.04813477,1694.831027,0,0,0,19.2509377388357,5.54569302653854,0.680380447988266,"04005002000","Census Tract 20, Coconino County, Arizona",2.80661638174944e-07,2037,c(434813.196638594, 4088423.00127901),168445.55280438,15666.6949851738,10065.3468220424,15666.6949851738,10065.3468220424,0
2023-12-31 12:00:00,-111.586658155491,35.1517597251201,21.34546113,2126.423265,0.990498128,0,0,17.1983841876142,0.398666250750507,1.57522727245391,"04005001500","Census Tract 15, Coconino County, Arizona",4.58277424434583e-07,3186,c(446565.182024321, 3890030.35735276),5427.27436891111,5970.81446555554,10285.9415984196,5427.27436891111,5427.27436891111,1
2023-12-31 12:00:00,-111.071413673005,36.1163618134447,11.34289805,1644.612773,0,0,0,20.954720428906,5.53421668714167,0.614204233885853,"04005945100","Census Tract 9451, Coconino County, Arizona",6.27200266358516e-07,3679,c(493573.123567225, 3996857.16562074),105867.329503157,5766.03088708794,416.201119738886,5766.03088708794,416.201119738886,0
2023-12-31 12:00:00,-111.590663042385,35.7021514027372,3.772885381,1631.387115,0,0.84325568,0,20.9081892861584,4.73367123435719,0.831893524964563,"04005945000","Census Tract 9450, Coconino County, Arizona",1.05607220809452e-06,4180,c(446565.182024321, 3951074.2477916),53641.0918039675,7882.52172953233,9341.77027391445,7882.52172953233,7882.52172953233,1
2023-12-31 12:00:00,-113.019107224848,35.6866639028037,16.26798555,1820.552041,0.507475561,0.010350776,0,20.1090155676062,3.80614196623662,0.927980697471731,"04005002300","Census Tract 23, Coconino County, Arizona",5.32670460506318e-07,6674,c(317293.342781333, 3951074.2477916),41129.5411814236,24837.730526128,25048.0179319596,24837.730526128,24837.730526128,1
2023-12-31 12:00:00,-111.333749142102,36.3910892842465,7.444852439,1727.172275,0,0.003451251,0,19.9298187989305,5.40227708821107,0.687739725596511,"04005945000","Census Tract 9450, Coconino County, Arizona",1.05607220809452e-06,4180,c(470069.152795773, 4027379.11084017),131668.983602038,14934.0544386109,5114.61963537482,14934.0544386109,5114.61963537482,0
2023-12-31 12:00:00,-110.941135400418,35.7035862729149,5.294153143,1549.146636,0,0.050891317,0,21.8786400954038,5.37436301325592,0.706075342861857,"04005945100","Census Tract 9451, Coconino County, Arizona",6.27200266358516e-07,3679,c(505325.108952952, 3951074.2477916),66284.3553893917,23195.6304451684,5971.17297127849,23195.6304451684,5971.17297127849,0
2023-12-31 12:00:00,-112.104553315963,35.2857465608827,9.634262545,2167.125359,0.966072455,0.027889592,0,17.4194601574696,0.945300748077192,1.53290535678837,"04005002300","Census Tract 23, Coconino County, Arizona",5.32670460506318e-07,6674,c(399557.240481416, 3905291.32996247),3021.58135353883,3463.62252320819,6248.24239841225,3021.58135353883,3021.58135353883,1
2023-12-31 12:00:00,-112.882856158913,35.4137166090821,10.9747266,1765.533333,0.008333333,0.084482759,0,20.587821920664,3.12039165407493,1.08610522891051,"04005002300","Census Tract 23, Coconino County, Arizona",5.32670460506318e-07,6674,c(329045.328167059, 3920552.30257218),10329.3453698104,9135.03197004298,1584.19237431293,9135.03197004298,1584.19237431293,0
2023-12-31 12:00:00,-112.125895940156,36.798960964146,8.24644476,2244.12061,0.411629246,0.481865285,0,16.1930398578544,1.79071917896022,1.11889414608243,"04005002000","Census Tract 20, Coconino County, Arizona",2.80661638174944e-07,2037,c(399557.240481416, 4073162.0286693),135229.292748972,5689.95818037885,5909.61951436884,5689.95818037885,5689.95818037885,1
2023-12-31 12:00:00,-110.814363636107,34.3273144285011,6.157035262,2321.532509,0.615362486,0,0,15.8269645047073,2.74332939162628,2.00294458296168,"04005001500","Census Tract 15, Coconino County, Arizona",4.58277424434583e-07,3186,c(517077.094338678, 3798464.52169448),76568.3358624093,93.3616456058093,766.655323271849,93.3616456058093,93.3616456058093,1
2023-12-31 12:00:00,-110.940725281109,36.2539562285594,4.697374756,1655.428448,0,0.140229885,0,20.8241444531307,5.63032191467233,0.571200499087018,"04005945100","Census Tract 9451, Coconino County, Arizona",6.27200266358516e-07,3679,c(505325.108952952, 4012118.13823045),124067.506315685,6051.02340764856,2479.07388153319,6051.02340764856,2479.07388153319,0
2023-12-31 12:00:00,-112.771731371196,36.2408492306396,43.28154413,1449.767903,0,0,0,22.7053256448228,6.79218929019564,0.863833748558045,"04005002300","Census Tract 23, Coconino County, Arizona",5.32670460506318e-07,6674,c(340797.313552785, 4012118.13823045),102620.933867445,59784.0761543956,4205.61552979458,59784.0761543956,4205.61552979458,0
2023-12-31 12:00:00,-112.512905602411,36.381973640843,79.01988861,999.187518,0,0.005176877,0,22.9342982592121,7.13151868185502,0.887257160448065,"04005002300","Census Tract 23, Coconino County, Arizona",5.32670460506318e-07,6674,c(364301.284324237, 4027379.11084017),120230.161893535,34346.0310832478,2621.41621424162,34346.0310832478,2621.41621424162,0
2023-12-31 12:00:00,-112.229616337389,35.0093381813139,23.10899094,1635.364553,0.725072046,0,0,21.3500772095393,4.90058032300634,1.21688605388778,"04005002300","Census Tract 23, Coconino County, Arizona",5.32670460506318e-07,6674,c(387805.25509569, 3874769.38474304),23687.1737762108,14584.1100672874,1092.98163387228,14584.1100672874,1092.98163387228,0
2023-12-31 12:00:00,-111.73073739173,36.8020455052806,57.95598835,1805.356074,0.019861831,0.001439263,0,19.8666201729459,6.03559215226408,0.697151307300992,"04005002000","Census Tract 20, Coconino County, Arizona",2.80661638174944e-07,2037,c(434813.196638594, 4073162.0286693),170005.369967106,4156.15925859593,4204.28556707563,4156.15925859593,4156.15925859593,1
2023-12-31 12:00:00,-113.1489001167,35.684416166903,10.75672929,1953.151236,0.975273145,0,0,18.551382938814,3.09272540614125,0.979173100782509,"04005002300","Census Tract 23, Coconino County, Arizona",5.32670460506318e-07,6674,c(305541.357395607, 3951074.2477916),44044.2565824909,18609.3494516089,19744.8204959193,18609.3494516089,18609.3494516089,1
2023-12-31 12:00:00,-111.334339237974,36.5286684186324,11.56513842,1922.371511,0.010647482,0,0,18.4622851775219,4.4670616413281,0.731079701278563,"04005942201","Census Tract 9422.01, Coconino County, Arizona",1.70879818657908e-06,4073,c(470069.152795773, 4042640.08344988),146752.570450085,15842.9556339427,4331.36463468955,15842.9556339427,4331.36463468955,0
2023-12-31 12:00:00,-110.8109020387,35.8410491950724,6.123648871,1703.181478,0,0.670405522,0,20.7617098419016,4.4599813183724,0.640615193301793,"04005945100","Census Tract 9451, Coconino County, Arizona",6.27200266358516e-07,3679,c(517077.094338678, 3966335.22040132),83383.0483036196,9384.60222989244,3968.51314174987,9384.60222989244,3968.51314174987,0
2023-12-31 12:00:00,-112.117950233521,36.2487467668834,16.89250223,2530.022995,0.984765737,0,0,14.0029016203928,-1.44012515666075,1.50253673683213,"04005002000","Census Tract 20, Coconino County, Arizona",2.80661638174944e-07,2037,c(399557.240481416, 4012118.13823045),109251.238821668,9599.67750732847,2135.83179198314,9599.67750732847,2135.83179198314,0
2023-12-31 12:00:00,-112.115997254259,36.1111850495274,52.13164306,1208.5584,0,0.010356732,0,23.9028368717114,8.31317683197118,0.889481942719116,"04005002000","Census Tract 20, Coconino County, Arizona",2.80661638174944e-07,2037,c(399557.240481416, 3996857.16562074),94004.0692177627,13242.5194889509,5002.72126452272,13242.5194889509,5002.72126452272,0
2023-12-31 12:00:00,-113.282602755203,35.8195171378135,66.65927335,1333.183362,0,0,0,23.6520902793603,7.29109775666766,0.620418430933243,"04005002300","Census Tract 23, Coconino County, Arizona",5.32670460506318e-07,6674,c(293789.37200988, 3966335.22040132),60950.7887121273,29685.0533646418,30605.9423104825,29685.0533646418,29685.0533646418,1
2023-12-31 12:00:00,-111.847549335028,35.4254222780249,33.20313712,2713.584244,0.18573893,0.092294422,0,13.3094221645977,-3.50758281539377,1.80437858314084,"04005002200","Census Tract 22, Coconino County, Arizona",1.35710650157221e-06,6457,c(423061.211252868, 3920552.30257218),19537.0115372059,7258.16833281419,2502.66999026845,7258.16833281419,2502.66999026845,0
2023-12-31 12:00:00,-111.975336362111,35.2868575566107,9.218739787,2219.73004,0.999138426,0,0,17.0648792054307,0.233742217726769,1.5265796993446,"04005002300","Census Tract 23, Coconino County, Arizona",5.32670460506318e-07,6674,c(411309.225867142, 3905291.32996247),4237.62611815294,15122.622561916,5853.87454167414,4237.62611815294,4237.62611815294,1
2023-12-31 12:00:00,-112.102690824935,35.1481621689699,9.132193372,2144.119308,0.979538905,0.010662824,0,17.6014327545739,1.7071133261111,1.671287050255,"04005002300","Census Tract 23, Coconino County, Arizona",5.32670460506318e-07,6674,c(399557.240481416, 3890030.35735276),12209.7038176371,13164.1009656972,1281.00756839452,12209.7038176371,1281.00756839452,0
2023-12-31 12:00:00,-112.237965760394,35.5596440032292,4.837993807,1824.428283,0,0.067684332,0,19.693809467088,2.87457347477918,1.16337795787619,"04005002300","Census Tract 23, Coconino County, Arizona",5.32670460506318e-07,6674,c(387805.25509569, 3935813.27518189),33204.0748609821,7086.03128133736,3492.5026448576,7086.03128133736,3492.5026448576,0
2023-12-31 12:00:00,-111.588647027522,35.4269618965868,5.655859109,2029.75755,0.226919758,0,0,18.0691158191796,1.01083935443649,1.22110274060228,"04005002200","Census Tract 22, Coconino County, Arizona",1.35710650157221e-06,6457,c(446565.182024321, 3920552.30257218),23148.0258384158,1708.22897940396,1020.4028091668,1708.22897940396,1020.4028091668,0
2023-12-31 12:00:00,-111.33085794347,35.7031459422809,7.027298246,1319.975252,0,0.192230216,0,23.2832721041083,7.58445018156319,0.588508717580972,"04005002200","Census Tract 22, Coconino County, Arizona",1.35710650157221e-06,6457,c(470069.152795773, 3951074.2477916),55965.4322994872,13741.2769333814,597.908324793814,13741.2769333814,597.908324793814,0
2023-12-31 12:00:00,-112.494688260851,35.4191458366534,7.043710071,1688.750216,0.012086331,0.182158273,0,21.0646183047911,3.25269614209887,1.02405852972987,"04005002300","Census Tract 23, Coconino County, Arizona",5.32670460506318e-07,6674,c(364301.284324237, 3920552.30257218),22000.0574556495,21550.8656940455,3053.05754594967,21550.8656940455,3053.05754594967,0
2023-12-31 12:00:00,-111.071664532509,36.3915340604482,8.443223826,1854.672518,0,0,0,19.2570168090874,4.68373100844081,0.663310086291286,"04005942201","Census Tract 9422.01, Coconino County, Arizona",1.70879818657908e-06,4073,c(493573.123567225, 4027379.11084017),135358.697791247,13203.762448657,5299.7151194052,13203.762448657,5299.7151194052,0
2023-12-31 12:00:00,-110.813134634827,34.8778072346122,4.211830356,1657.717654,0,0.027027027,0,20.9161500655813,3.96745018487339,0.737267122972311,"04005001500","Census Tract 15, Coconino County, Arizona",4.58277424434583e-07,3186,c(517077.094338678, 3859508.41213333),19124.988558199,4199.3641209403,17638.389262253,4199.3641209403,4199.3641209403,1
2023-12-31 12:00:00,-111.59168134434,35.839741393075,14.49060165,1962.328345,0,0.12,0,18.2169607717367,2.62047198201705,1.01741905390606,"04005945000","Census Tract 9450, Coconino County, Arizona",1.05607220809452e-06,4180,c(446565.182024321, 3966335.22040132),68896.0249003798,7699.21733134785,2297.79127243195,7699.21733134785,2297.79127243195,0
2023-12-31 12:00:00,-111.718100635506,35.4262614629961,13.77426361,2423.797927,0.599884859,0.035405872,0,15.2675130776648,-1.80418368646219,1.47636986219684,"04005002200","Census Tract 22, Coconino County, Arizona",1.35710650157221e-06,6457,c(434813.196638594, 3920552.30257218),22978.5918380357,3437.98768510791,57.8174399093608,3437.98768510791,57.8174399093608,0
2023-12-31 12:00:00,-111.332002675832,35.9783327937677,5.729104182,1364.141129,0,0.071140553,0,22.9570429663416,7.95209215273528,0.598273349596942,"04005945100","Census Tract 9451, Coconino County, Arizona",6.27200266358516e-07,3679,c(470069.152795773, 3981596.19301103),86306.2076808592,5624.49026556025,4633.46666826159,5624.49026556025,4633.46666826159,0
2023-12-31 12:00:00,-111.329728624808,35.4279464509359,3.659228515,1639.816978,0.018992806,0.264460432,0,20.9001158101169,4.52484931176138,0.843693649163293,"04005001302","Census Tract 13.02, Coconino County, Arizona",7.05865692299107e-06,5536,c(470069.152795773, 3920552.30257218),26027.1876818202,21225.8915797263,2602.01958858182,21225.8915797263,2602.01958858182,0
2023-12-31 12:00:00,-111.204155896614,36.9416868622902,10.97689344,1274.894464,0,0,0,22.3035012429754,8.52210149711603,0.461750311572405,"04005942202","Census Tract 9422.02, Coconino County, Arizona",1.31120068714677e-06,3813,c(481821.138181499, 4088423.00127901),193767.54461449,14346.9788863982,10280.0551960101,14346.9788863982,10280.0551960101,0
2023-12-31 12:00:00,-111.202351569475,36.2537997674744,7.120025638,1640.166619,0,0.058316576,0,20.7513219228943,5.73173785719013,0.634226650082776,"04005945000","Census Tract 9450, Coconino County, Arizona",1.05607220809452e-06,4180,c(481821.138181499, 4012118.13823045),118084.949287125,12963.0887387043,9558.77092938542,12963.0887387043,9558.77092938542,0
2023-12-31 12:00:00,-112.248725899301,36.2474530015535,81.3290432,1840.194077,0.553479011,0.016963772,0,17.5916488211726,1.9614215433523,1.26578393461689,"04005002000","Census Tract 20, Coconino County, Arizona",2.80661638174944e-07,2037,c(387805.25509569, 4012118.13823045),109265.5289894,15365.9870134458,1309.52895817397,15365.9870134458,1309.52895817397,0
2023-12-31 12:00:00,-111.988903027929,36.3874618231376,7.921188986,1901.474986,0.500287522,0.169925244,0,18.6777789542388,3.93423910391212,1.11442652573972,"04005002000","Census Tract 20, Coconino County, Arizona",2.80661638174944e-07,2037,c(411309.225867142, 4027379.11084017),124635.232306806,12051.7185946738,1310.16053197228,12051.7185946738,1310.16053197228,0
2023-12-31 12:00:00,-112.63528404727,35.9676478800376,4.196281982,1759.277682,0,0.142156863,0,19.8895056008315,3.94306662776368,1.03914445808349,"04005002300","Census Tract 23, Coconino County, Arizona",5.32670460506318e-07,6674,c(352549.298938511, 3981596.19301103),75353.4121736155,45408.7629273503,14872.5213092237,45408.7629273503,14872.5213092237,0
2023-12-31 12:00:00,-112.391788704778,36.9337069713584,3.747297319,1489.214429,0,0.001149756,0,21.6364651346268,5.24970112061994,0.840478830485431,"04005002000","Census Tract 20, Coconino County, Arizona",2.80661638174944e-07,2037,c(376053.269709964, 4088423.00127901),109834.218396912,2989.80159399429,19071.8355958907,2989.80159399429,2989.80159399429,1
2023-12-31 12:00:00,-110.812822141233,35.0154226416091,3.22207673,1520.619528,0,0.480702765,0,21.9168586544476,4.63308966403689,0.551867994760965,"04005001500","Census Tract 15, Coconino County, Arizona",4.58277424434583e-07,3186,c(517077.094338678, 3874769.38474304),4728.87665988059,6105.16926869432,4654.26279262795,4728.87665988059,4654.26279262795,0
2023-12-31 12:00:00,-111.454597247031,34.6018623639375,9.117585082,2046.259707,0.9459304,0,0,17.8735977624996,3.39120423462101,1.84913698815606,"04005001500","Census Tract 15, Coconino County, Arizona",4.58277424434583e-07,3186,c(458317.167410047, 3828986.46691391),24178.2803208672,10151.8535217499,1115.03135386345,10151.8535217499,1115.03135386345,0
2023-12-31 12:00:00,-111.329169680302,35.290341978111,12.65201245,1788.733103,0.094909405,0.068162209,0,19.6129122006158,3.15910274113111,1.06433437119225,"04005001302","Census Tract 13.02, Coconino County, Arizona",7.05865692299107e-06,5536,c(470069.152795773, 3905291.32996247),11935.0255251741,19343.1189964529,320.705255541027,11935.0255251741,320.705255541027,0
2023-12-31 12:00:00,-110.809912302649,36.2538198841428,6.420032025,1828.545873,0,0.411561691,0,19.7519078487415,4.57620361088146,0.610296388682095,"04005945100","Census Tract 9451, Coconino County, Arizona",6.27200266358516e-07,3679,c(517077.094338678, 4012118.13823045),128149.213739876,13333.6075956087,177.467307104371,13333.6075956087,177.467307104371,0
2023-12-31 12:00:00,-112.768637467271,36.1033269616634,12.14018019,1789.302647,0,0.008055236,0,19.5342590339429,3.94679265164944,1.09103051018419,"04005002300","Census Tract 23, Coconino County, Arizona",5.32670460506318e-07,6674,c(340797.313552785, 3996857.16562074),87525.9734974148,59441.8780305989,5644.94640723463,59441.8780305989,5644.94640723463,0
2023-12-31 12:00:00,-110.940410308396,36.666700407605,7.766608798,1863.57668,0,0.000574383,0,18.9752733468198,5.14986301483863,0.634557285211784,"04005942202","Census Tract 9422.02, Coconino County, Arizona",1.31120068714677e-06,3813,c(505325.108952952, 4057901.05605959),167815.570907855,5609.6424661346,7086.89184796477,5609.6424661346,5609.6424661346,1
2023-12-31 12:00:00,-111.724311927943,36.1141935394248,11.36109415,1650.214512,0,0.022171034,0,20.5353866769845,5.55835492283046,0.976704857067536,"04005945000","Census Tract 9450, Coconino County, Arizona",1.05607220809452e-06,4180,c(434813.196638594, 3996857.16562074),96674.9486203473,13847.3421952099,9016.42389262822,13847.3421952099,9016.42389262822,0
2023-12-31 12:00:00,-111.070801205653,35.4283758542712,2.719406354,1421.052616,0,0.63973548,0,22.6520404693973,6.15521233160295,0.655262764373529,"04005945100","Census Tract 9451, Coconino County, Arizona",6.27200266358516e-07,3679,c(493573.123567225, 3920552.30257218),34475.2727282521,15955.827795074,8557.99474456704,15955.827795074,8557.99474456704,0
2023-12-31 12:00:00,-111.070093125168,34.6026890648981,11.21954381,2076.615805,0.211206897,0.172413793,0,17.7524632666192,2.5738069744727,1.62884744511903,"04005001500","Census Tract 15, Coconino County, Arizona",4.58277424434583e-07,3186,c(493573.123567225, 3828986.46691391),52051.3911236292,5028.79253853387,5202.88080444005,5028.79253853387,5028.79253853387,1
2023-12-31 12:00:00,-112.499805338996,35.6942560822233,3.342000282,1683.357307,0,0.01726122,0,20.7417310123571,4.08225715917389,1.00157720824821,"04005002300","Census Tract 23, Coconino County, Arizona",5.32670460506318e-07,6674,c(364301.284324237, 3951074.2477916),51461.6697330916,32931.3714288684,13983.9490195435,32931.3714288684,13983.9490195435,0
2023-12-31 12:00:00,-112.257600515564,36.797641122006,16.79583031,2202.414845,0.390966628,0.540563867,0,16.5712198018848,1.67817995162159,1.24298194212291,"04005002000","Census Tract 20, Coconino County, Arizona",2.80661638174944e-07,2037,c(387805.25509569, 4073162.0286693),123697.656374958,287.841268273034,17460.6893097693,287.841268273034,287.841268273034,1
2023-12-31 12:00:00,-111.844685920372,35.1502356165929,7.562400658,2209.819672,0.837215991,0.001438021,0,16.8951811909763,0.287772728765678,1.81216376258715,"04005002200","Census Tract 22, Coconino County, Arizona",1.35710650157221e-06,6457,c(423061.211252868, 3890030.35735276),9060.3683254825,11706.2811464306,9218.95414288521,9060.3683254825,9060.3683254825,1
2023-12-31 12:00:00,-111.856376187511,36.2509054711185,56.57594115,1220.500863,0,0.010644419,0,23.7120716099944,8.77687546624988,0.791476338890246,"04005002000","Census Tract 20, Coconino County, Arizona",2.80661638174944e-07,2037,c(423061.211252868, 4012118.13823045),110403.168389332,25157.2906724324,16851.0703451086,25157.2906724324,16851.0703451086,0
2023-12-31 12:00:00,-112.64678676359,36.5177674751631,30.9429617,1117.03834,0,0,0,24.4808555436674,8.14811830241862,0.749477584605317,"04005002000","Census Tract 20, Coconino County, Arizona",2.80661638174944e-07,2037,c(352549.298938511, 4042640.08344988),101961.652006086,38457.4353932972,6574.03064788126,38457.4353932972,6574.03064788126,0
2023-12-31 12:00:00,-110.940196736615,36.9418472728862,28.75001522,1545.721472,0.004311584,0,0,20.7915454514811,6.98580261454295,0.518255292520779,"04005942202","Census Tract 9422.02, Coconino County, Arizona",1.31120068714677e-06,3813,c(505325.108952952, 4088423.00127901),197489.970292662,35308.1282165256,3349.92662384618,35308.1282165256,3349.92662384618,0
2023-12-31 12:00:00,-111.98372912922,35.9747594291629,12.11099018,2262.84507,0.913193446,0,0,16.038503734767,0.0344196770998496,1.32597571651673,"04005002200","Census Tract 22, Coconino County, Arizona",1.35710650157221e-06,6457,c(411309.225867142, 3981596.19301103),78969.9650428711,12620.7702664484,1272.35217597798,12620.7702664484,1272.35217597798,0
2023-12-31 12:00:00,-111.331428369737,35.8407409505292,4.686108668,1286.747626,0,0.208633094,0,23.491572226553,8.20208716898819,0.604626399622186,"04005945100","Census Tract 9451, Coconino County, Arizona",6.27200266358516e-07,3679,c(470069.152795773, 3966335.22040132),71117.6729940885,8092.42162249333,3137.02568773046,8092.42162249333,3137.02568773046,0
2023-12-31 12:00:00,-110.810244453933,36.1162328223306,7.791120463,1746.836594,0,0.699367089,0,20.3701270199794,4.78113387164118,0.596787048985994,"04005945100","Census Tract 9451, Coconino County, Arizona",6.27200266358516e-07,3679,c(517077.094338678, 3996857.16562074),113311.866369619,16148.3967605734,9021.47431072873,16148.3967605734,9021.47431072873,0
2023-12-31 12:00:00,-112.765564459363,35.9658013013908,3.851795089,1785.387785,0,0.031403054,0,19.6751955157698,3.86639040942958,1.07144022566819,"04005002300","Census Tract 23, Coconino County, Arizona",5.32670460506318e-07,6674,c(340797.313552785, 3981596.19301103),72494.1200794055,57154.3073359486,17631.1154269144,57154.3073359486,17631.1154269144,0
2023-12-31 12:00:00,-111.854880002931,36.1133329696262,46.22943749,1112.634638,0,0.117088608,0,24.5981762041364,9.58684806958586,0.79891220525935,"04005002000","Census Tract 20, Coconino County, Arizona",2.80661638174944e-07,2037,c(423061.211252868, 3996857.16562074),95183.033765516,12623.3288392641,2547.02700906392,12623.3288392641,2547.02700906392,0
2023-12-31 12:00:00,-110.94201850404,34.4650699608963,9.873044283,2237.195577,0.637564618,0.011774842,0,16.2923144447165,2.50914507911147,1.88492964009008,"04005001500","Census Tract 15, Coconino County, Arizona",4.58277424434583e-07,3186,c(505325.108952952, 3813725.4943042),65995.8575352944,17546.8755738687,971.978547398835,17546.8755738687,971.978547398835,0
2023-12-31 12:00:00,-112.110217119737,35.6984803821026,3.770756252,1830.197929,0,0.027617952,0,19.4946986342552,2.7945952679396,1.17748131937905,"04005002200","Census Tract 22, Coconino County, Arizona",1.35710650157221e-06,6457,c(399557.240481416, 3951074.2477916),48309.922112192,2062.83593270468,5256.16060847014,2062.83593270468,2062.83593270468,1
2023-12-31 12:00:00,-112.886067369751,35.551245906806,2.975730857,1802.612245,0,0.008623168,0,19.9570498096879,3.13297446979303,1.03467994980761,"04005002300","Census Tract 23, Coconino County, Arizona",5.32670460506318e-07,6674,c(329045.328167059, 3935813.27518189),25443.0338273536,23106.4976020206,12168.2849057974,23106.4976020206,12168.2849057974,0
2023-12-31 12:00:00,-110.812190763404,35.2906440639795,2.597439174,1446.771995,0,0.765669925,0,22.6574589089165,5.36258966469277,0.508149439039957,"04005945100","Census Tract 9451, Coconino County, Arizona",6.27200266358516e-07,3679,c(517077.094338678, 3905291.32996247),23912.6380465009,14197.1370490082,1659.35737269653,14197.1370490082,1659.35737269653,0
2023-12-31 12:00:00,-112.246544601046,36.1098977471203,59.02883523,996.6933487,0,0.002015549,0,26.1547789626585,10.3816787072476,0.752438355795929,"04005002300","Census Tract 23, Coconino County, Arizona",5.32670460506318e-07,6674,c(387805.25509569, 3996857.16562074),94022.2821514213,17161.6487747484,8164.27669503651,17161.6487747484,8164.27669503651,0
2023-12-31 12:00:00,-111.463972151328,36.2530711234907,5.442877611,1682.050575,0,0.022988506,0,20.2787310087945,5.45227584287673,0.740168119854009,"04005945000","Census Tract 9450, Coconino County, Arizona",1.05607220809452e-06,4180,c(458317.167410047, 4012118.13823045),115074.668686573,3335.72852146579,6242.9416723907,3335.72852146579,3335.72852146579,1
2023-12-31 12:00:00,-112.638130555784,36.1051828243458,27.96204663,1695.519436,0,0,0,20.3207901621115,4.59405853144918,1.03708468122586,"04005002300","Census Tract 23, Coconino County, Arizona",5.32670460506318e-07,6674,c(352549.298938511, 3996857.16562074),90035.2883226574,48055.2360674824,5072.05562123844,48055.2360674824,5072.05562123844,0
2023-12-31 12:00:00,-112.759480559056,35.6907398339494,13.37309639,1855.084292,0.684695052,0.005178366,0,19.4915915333295,2.97194582632023,1.03927148149996,"04005002300","Census Tract 23, Coconino County, Arizona",5.32670460506318e-07,6674,c(340797.313552785, 3951074.2477916),42768.2987366051,40989.5853944294,12118.4615623586,40989.5853944294,12118.4615623586,0
2023-12-31 12:00:00,-111.071289513213,35.9787709366653,4.577616868,1776.672989,0,0.149137931,0,20.082459523485,4.32670361481973,0.682034246803279,"04005945100","Census Tract 9451, Coconino County, Arizona",6.27200266358516e-07,3679,c(493573.123567225, 3981596.19301103),91369.0495844943,3462.08653301636,18.9321841435812,3462.08653301636,18.9321841435812,0
2023-12-31 12:00:00,-111.07153867748,36.2539495229533,5.151843123,1683.553063,0,0,0,20.5505635132619,5.45291469440636,0.609469489101668,"04005945000","Census Tract 9450, Coconino County, Arizona",1.05607220809452e-06,4180,c(493573.123567225, 4012118.13823045),120549.354204684,4395.84704221659,1641.55599215518,4395.84704221659,1641.55599215518,0
2023-12-31 12:00:00,-111.070922044173,35.5659793512344,5.114374955,1475.278689,0,0.642795513,0,22.2990691175904,5.84704172110751,0.697212950569484,"04005945100","Census Tract 9451, Coconino County, Arizona",6.27200266358516e-07,3679,c(493573.123567225, 3935813.27518189),48426.5677158958,30438.2605879759,4865.83510269226,30438.2605879759,4865.83510269226,0
2023-12-31 12:00:00,-111.32697140588,34.739892695682,6.833094598,2199.498562,0.106095457,0.398504888,0,16.5298163125456,1.44077583945426,1.82371855516494,"04005001500","Census Tract 15, Coconino County, Arizona",4.58277424434583e-07,3186,c(470069.152795773, 3844247.43952362),24800.2909908518,17171.8025773288,3534.45755076367,17171.8025773288,3534.45755076367,0
2023-12-31 12:00:00,-111.862463431018,36.8011631806372,8.643080787,1987.36612,0,0,0,17.6997870443334,3.88639352559131,0.849882939166549,"04005002000","Census Tract 20, Coconino County, Arizona",2.80661638174944e-07,2037,c(423061.211252868, 4073162.0286693),158389.770597361,11663.6426133048,728.135190088629,11663.6426133048,728.135190088629,0
2023-12-31 12:00:00,-111.859399165098,36.5260407953125,22.67341612,1591.283372,0,0.24712313,0,20.7051264124699,6.17587983120496,0.822605852838182,"04005002000","Census Tract 20, Coconino County, Arizona",2.80661638174944e-07,2037,c(423061.211252868, 4042640.08344988),140869.536376174,17483.6854193114,702.881866794655,17483.6854193114,702.881866794655,0
2023-12-31 12:00:00,-111.721802122643,35.8390302861709,7.490668083,2032.535211,0.118999713,0.153779822,0,17.7433219205583,1.90090909025725,1.14628019905272,"04005002200","Census Tract 22, Coconino County, Arizona",1.35710650157221e-06,6457,c(434813.196638594, 3966335.22040132),66536.935117145,9414.05375630664,2337.97408243273,9414.05375630664,2337.97408243273,0
2023-12-31 12:00:00,-112.367606641855,35.5582429724195,5.877484163,1787.125683,0.001438021,0.071325856,0,20.1742297633711,3.20556662454984,1.12535056098564,"04005002300","Census Tract 23, Coconino County, Arizona",5.32670460506318e-07,6674,c(376053.269709964, 3935813.27518189),36702.1876690803,18434.1974247231,7452.15701444413,18434.1974247231,7452.15701444413,0
2023-12-31 12:00:00,-111.328614511397,35.15273436082,4.168300874,1865.319137,0.325467626,0.024172662,0,19.1033748445292,2.6835541718755,1.18126961533861,"04005001500","Census Tract 15, Coconino County, Arizona",4.58277424434583e-07,3186,c(470069.152795773, 3890030.35735276),1750.96714129803,18256.6974559152,5009.88164523864,1750.96714129803,1750.96714129803,1
2023-12-31 12:00:00,-111.714473648128,35.0134640366158,11.36411925,2044.772622,0.941498559,0.004034582,0,17.7139016179217,1.42640660046576,1.86546637674289,"04005001500","Census Tract 15, Coconino County, Arizona",4.58277424434583e-07,3186,c(434813.196638594, 3874769.38474304),2672.1623699655,2015.19965875396,8131.94755250574,2015.19965875396,2015.19965875396,1
2023-12-31 12:00:00,-112.510249913318,36.2444367890306,92.34165644,878.4637931,0,0.003448276,0,25.4369134568631,9.46804608440928,0.752639476840228,"04005002000","Census Tract 20, Coconino County, Arizona",2.80661638174944e-07,2037,c(364301.284324237, 4012118.13823045),108009.503019649,36778.9072328246,3979.39769791412,36778.9072328246,3979.39769791412,0
2023-12-31 12:00:00,-110.808217328245,36.9417074867582,6.804105221,1851.507488,0,0,0,18.9037596516131,5.26055478792314,0.596775840135619,"04005942202","Census Tract 9422.02, Coconino County, Arizona",1.31120068714677e-06,3813,c(517077.094338678, 4088423.00127901),200353.565507288,37783.4881575841,5496.44850579478,37783.4881575841,5496.44850579478,0
2023-12-31 12:00:00,-111.99065118115,36.5250228004077,6.183645234,1691.851969,0,0.357861454,0,20.1948493105445,5.58904358773273,0.948889788015533,"04005002000","Census Tract 20, Coconino County, Arizona",2.80661638174944e-07,2037,c(411309.225867142, 4042640.08344988),139873.648872377,13095.2268846414,4993.84383908402,13095.2268846414,4993.84383908402,0
2023-12-31 12:00:00,-112.892555422909,35.8262943035504,6.249995319,1851.794769,0.008910606,0.009485484,0,19.3051214262875,3.33627521828004,1.03365006350796,"04005002300","Census Tract 23, Coconino County, Arizona",5.32670460506318e-07,6674,c(329045.328167059, 3966335.22040132),55874.0508283059,44092.2133908171,29796.3951903395,44092.2133908171,29796.3951903395,0
2023-12-31 12:00:00,-110.94163265693,35.0155529375941,3.531772328,1611.128773,0,0.703937913,0,21.1791575250837,4.19382005096366,0.670376089863968,"04005001500","Census Tract 15, Coconino County, Arizona",4.58277424434583e-07,3186,c(505325.108952952, 3874769.38474304),8745.26768751493,10037.3251787423,4168.44303999393,8745.26768751493,4168.44303999393,0
2023-12-31 12:00:00,-110.812507522201,35.153034919847,2.954746494,1462.233718,0,0.065706052,0,22.4425641298987,5.04426401282739,0.480614570127325,"04005001500","Census Tract 15, Coconino County, Arizona",4.58277424434583e-07,3186,c(517077.094338678, 3890030.35735276),9626.34584137003,6377.74400049429,2294.29615498965,6377.74400049429,2294.29615498965,0
2023-12-31 12:00:00,-113.274780117971,35.5445366420544,3.957856972,1658.107369,0,0,0,20.8675572994001,4.73599439244177,0.833678705881057,"04005002300","Census Tract 23, Coconino County, Arizona",5.32670460506318e-07,6674,c(293789.37200988, 3935813.27518189),31943.2797830616,263.577645032813,7079.13356725422,263.577645032813,263.577645032813,1
2023-12-31 12:00:00,-110.940828855955,36.1163684855485,13.07412946,1633.904255,0,0.222541691,0,20.975056038256,5.45151307479098,0.59533312664661,"04005945100","Census Tract 9451, Coconino County, Arizona",6.27200266358516e-07,3679,c(505325.108952952, 3996857.16562074),109849.46967727,14053.1864662803,5396.05040893866,14053.1864662803,5396.05040893866,0
2023-12-31 12:00:00,-111.198590938692,34.7401696747125,3.315959134,2057.228111,0.126440092,0.20766129,0,17.5954140701627,2.15661830648828,1.55472789539064,"04005001500","Census Tract 15, Coconino County, Arizona",4.58277424434583e-07,3186,c(481821.138181499, 3844247.43952362),36313.2662031596,9625.0362230161,5274.93643445164,9625.0362230161,5274.93643445164,0
2023-12-31 12:00:00,-111.850451825467,35.7005961700968,5.097440232,1992.497268,0.250790912,0.115616911,0,18.1964358702391,1.64981755919288,1.20071979999046,"04005002200","Census Tract 22, Coconino County, Arizona",1.35710650157221e-06,6457,c(423061.211252868, 3951074.2477916),49667.4044293306,15493.82086506,2550.36861983663,15493.82086506,2550.36861983663,0
2023-12-31 12:00:00,-111.72814102818,36.5269143725894,8.338180285,1704.349668,0,0.079561833,0,19.8744178070691,5.57860461004471,0.786465753656414,"04005945000","Census Tract 9450, Coconino County, Arizona",1.05607220809452e-06,4180,c(434813.196638594, 4042640.08344988),141977.145895401,9119.27565903312,9817.99632259783,9119.27565903312,9119.27565903312,1
2023-12-31 12:00:00,-111.199926111785,35.2906246437242,3.991561622,1645.70365,0,0.816901408,0,20.7798194300457,4.23720174320559,0.904896015070184,"04005945100","Census Tract 9451, Coconino County, Arizona",6.27200266358516e-07,3679,c(481821.138181499, 3905291.32996247),15738.4755582085,18680.0950995089,3599.82203342976,15738.4755582085,3599.82203342976,0
2023-12-31 12:00:00,-111.203426812608,36.6665415851058,7.865843193,1713.447255,0,0,0,19.8970280187913,6.06939788228146,0.60925467019161,"04005942202","Census Tract 9422.02, Coconino County, Arizona",1.31120068714677e-06,3813,c(481821.138181499, 4057901.05605959),163425.075177737,3032.75828164887,13545.4062597797,3032.75828164887,3032.75828164887,1
2023-12-31 12:00:00,-111.716883436606,35.2886654917103,16.63451372,2353.970681,0.912906007,0.018108652,0,15.2715504408137,-1.81043337566404,1.64942154350388,"04005002200","Census Tract 22, Coconino County, Arizona",1.35710650157221e-06,6457,c(434813.196638594, 3905291.32996247),9955.35881590113,2233.64117504258,3619.77298603167,2233.64117504258,2233.64117504258,1
2023-12-31 12:00:00,-111.328063092719,35.0151236043798,12.47837686,2090.848389,0.969792865,0,0,16.9470579098371,1.07792403493167,1.50883125815457,"04005001500","Census Tract 15, Coconino County, Arizona",4.58277424434583e-07,3186,c(470069.152795773, 3874769.38474304),16080.0474176139,27511.0420505262,3468.89608564408,16080.0474176139,3468.89608564408,0
2023-12-31 12:00:00,-111.203065964327,36.5289641615982,14.33961212,1910.32219,0.001440922,0,0,18.6055940177213,4.56789414693112,0.701407222697164,"04005942201","Census Tract 9422.01, Coconino County, Arizona",1.70879818657908e-06,4073,c(481821.138181499, 4042640.08344988),148281.468758886,7829.31657469472,2399.83579875914,7829.31657469472,2399.83579875914,0
2023-12-31 12:00:00,-111.592706572149,35.9773282013334,7.380819087,1602.380651,0,0.067088972,0,21.1774495549742,6.09751494695154,0.849317559023919,"04005945000","Census Tract 9450, Coconino County, Arizona",1.05607220809452e-06,4180,c(446565.182024321, 3981596.19301103),84153.1480944913,5816.23017345119,7532.81480984665,5816.23017345119,5816.23017345119,1
2023-12-31 12:00:00,-111.203790117593,36.8041158201601,41.84309759,1321.827001,0,0,0,22.492212952416,8.75553860318672,0.444696762977266,"04005942202","Census Tract 9422.02, Coconino County, Arizona",1.31120068714677e-06,3813,c(481821.138181499, 4073162.0286693),178588.66421583,8037.62076685237,10421.4368278233,8037.62076685237,8037.62076685237,1
2023-12-31 12:00:00,-113.14522362317,35.5469121598256,2.55507475,1623.319493,0,0,0,21.1913972508939,4.51823723462501,0.864116438981471,"04005002300","Census Tract 23, Coconino County, Arizona",5.32670460506318e-07,6674,c(305541.357395607, 3935813.27518189),28902.5036747608,5583.59779498365,5839.60632514271,5583.59779498365,5583.59779498365,1
2023-12-31 12:00:00,-111.07020914761,34.740311337388,4.840504773,1941.075086,0.084867664,0.743958573,0,18.5835522996962,2.82262328747034,1.34432752141462,"04005001500","Census Tract 15, Coconino County, Arizona",4.58277424434583e-07,3186,c(493573.123567225, 3844247.43952362),40738.0924805944,762.098997829074,2776.1651786563,762.098997829074,762.098997829074,1
2023-12-31 12:00:00,-111.072047260571,36.8042685945264,8.561332547,1669.983611,0,0,0,19.9806824413998,6.3338262762967,0.572668742428032,"04005942202","Census Tract 9422.02, Coconino County, Arizona",1.31120068714677e-06,3813,c(493573.123567225, 4073162.0286693),180235.713233118,19360.8405138561,8820.8219945798,19360.8405138561,8820.8219945798,0
2023-12-31 12:00:00,-110.813445017158,34.7401887042755,4.632110988,1794.210587,0,0.033947066,0,19.8752061054808,3.32274532994177,0.962815691054025,"04005001500","Census Tract 15, Coconino County, Arizona",4.58277424434583e-07,3186,c(517077.094338678, 3844247.43952362),33294.3758233535,6290.78327404488,17548.1055182308,6290.78327404488,6290.78327404488,1
2023-12-31 12:00:00,-110.94062100152,36.3915407996724,4.550216616,1751.73433,0,0.024439333,0,20.0266818201521,5.26064196777913,0.607433374516385,"04005942201","Census Tract 9422.01, Coconino County, Arizona",1.70879818657908e-06,4073,c(505325.108952952, 4027379.11084017),138507.398500635,4670.46344230532,124.776727389227,4670.46344230532,124.776727389227,0
2023-12-31 12:00:00,-111.326431088292,34.6022725544194,8.944571076,2094.388825,0.975806452,0,0,17.1812465781684,2.5597870495826,1.87649377477617,"04005001500","Census Tract 15, Coconino County, Arizona",4.58277424434583e-07,3186,c(470069.152795773, 3828986.46691391),31921.5637105054,5787.25596648827,1664.6254415297,5787.25596648827,1664.6254415297,0
2023-12-31 12:00:00,-111.994183262955,36.8001349925226,4.610135303,2021.385345,0.226436782,0,0,17.6479900327044,3.42815317380905,0.914615816913851,"04005002000","Census Tract 20, Coconino County, Arizona",2.80661638174944e-07,2037,c(411309.225867142, 4073162.0286693),146795.883331685,8792.84742675704,1590.33370417113,8792.84742675704,1590.33370417113,0
2023-12-31 12:00:00,-111.851917891026,35.8381783138181,4.218569164,2088.536803,0.813110983,0.002300173,0,17.3971245352202,1.31268617669088,1.21977646410242,"04005002200","Census Tract 22, Coconino County, Arizona",1.35710650157221e-06,6457,c(423061.211252868, 3966335.22040132),64799.0270860554,12594.5655790592,2993.08014557562,12594.5655790592,2993.08014557562,0
2023-12-31 12:00:00,-113.286553991339,35.957002099325,56.5747264,1072.81394,0,0,0,25.0473188035701,8.88993835753466,0.581023661592094,"04005002300","Census Tract 23, Coconino County, Arizona",5.32670460506318e-07,6674,c(293789.37200988, 3981596.19301103),75892.7585855514,44841.7587907688,17688.5606016101,44841.7587907688,17688.5606016101,0
2023-12-31 12:00:00,-112.643881778826,36.3802426282841,78.2605961,970.9878963,0,0.004034582,0,24.8928686216767,8.71701058560857,0.750643835871482,"04005002300","Census Tract 23, Coconino County, Arizona",5.32670460506318e-07,6674,c(352549.298938511, 4027379.11084017),110859.975578258,45446.8718788883,9105.56098727346,45446.8718788883,9105.56098727346,0
2023-12-31 12:00:00,-111.456107258433,34.8770953191152,7.627760229,2245.269176,0.935650675,0,0,16.0948169381984,0.781019303772776,1.85603300008254,"04005001500","Census Tract 15, Coconino County, Arizona",4.58277424434583e-07,3186,c(458317.167410047, 3859508.41213333),13919.3262902124,25014.3721419964,20.0975287113918,13919.3262902124,20.0975287113918,0
2023-12-31 12:00:00,-111.725579649534,36.2517703617739,11.23416332,1785.920735,0,0.041642734,0,19.4089956382703,4.60709900576913,0.97858468222861,"04005945000","Census Tract 9450, Coconino County, Arizona",1.05607220809452e-06,4180,c(434813.196638594, 4012118.13823045),111807.746555372,22542.6931381227,19313.7349380542,22542.6931381227,19313.7349380542,0
2023-12-31 12:00:00,-110.941826888478,34.7403176806217,6.955439796,1843.192927,0,0.910868315,0,19.503721042141,3.23405354764665,1.09697384817334,"04005001500","Census Tract 15, Coconino County, Arizona",4.58277424434583e-07,3186,c(505325.108952952, 3844247.43952362),37421.9910430201,6867.79894443128,8619.01729538724,6867.79894443128,6867.79894443128,1
2023-12-31 12:00:00,-113.278678191306,35.6820286493505,62.81494064,1406.918033,0.022433132,0,0,23.5871587661211,6.69561332501763,0.622350560868989,"04005002300","Census Tract 23, Coconino County, Arizona",5.32670460506318e-07,6674,c(293789.37200988, 3951074.2477916),46212.2926986863,14709.6442749456,19940.4407637638,14709.6442749456,14709.6442749456,1
2023-12-31 12:00:00,-112.253133114202,36.5225536524192,15.47417167,2578.962536,0.232276657,0.764553314,0,14.0630460750005,-0.917279577041642,1.47034620167038,"04005002000","Census Tract 20, Coconino County, Arizona",2.80661638174944e-07,2037,c(387805.25509569, 4042640.08344988),133087.701310275,7032.7382135512,18358.9972139258,7032.7382135512,7032.7382135512,1
2023-12-31 12:00:00,-111.333163034825,36.2535069654713,5.211075872,1628.639943,0,0,0,20.7376220523799,5.79934868718751,0.664904110543976,"04005945000","Census Tract 9450, Coconino County, Arizona",1.05607220809452e-06,4180,c(470069.152795773, 4012118.13823045),116629.261206485,6797.95134103138,1583.54608991559,6797.95134103138,1583.54608991559,0
2023-12-31 12:00:00,-110.94211334162,34.3274414414103,6.407397201,2321.659764,0.933563417,0.002876043,0,15.5851917795631,2.84794209257687,2.1822160626631,"04005001500","Census Tract 15, Coconino County, Arizona",4.58277424434583e-07,3186,c(505325.108952952, 3798464.52169448),78553.3109065021,2405.53948853274,848.947444413638,2405.53948853274,848.947444413638,0
2023-12-31 12:00:00,-111.973691666375,35.149267549928,5.113983629,2055.077896,0.65967232,0.025007186,0,18.2016338801717,1.71155292618312,1.65476151916519,"04005002300","Census Tract 23, Coconino County, Arizona",5.32670460506318e-07,6674,c(411309.225867142, 3890030.35735276),10877.0931665041,20314.0212261509,3322.00210989254,10877.0931665041,3322.00210989254,0
2023-12-31 12:00:00,-112.119916498603,36.3863052224369,13.34060685,2721.049799,0.762233736,0.106217617,0,12.6275535465779,-2.24882005182679,1.55949066023957,"04005002000","Census Tract 20, Coconino County, Arizona",2.80661638174944e-07,2037,c(399557.240481416, 4027379.11084017),124501.790784838,578.296715793351,2820.10781378639,578.296715793351,578.296715793351,1
2023-12-31 12:00:00,-111.201297979727,35.8410293788917,8.605846585,1420.456034,0,0.031321839,0,22.7129047295846,6.99165753844004,0.681133873001641,"04005945100","Census Tract 9451, Coconino County, Arizona",6.27200266358516e-07,3679,c(481821.138181499, 3966335.22040132),73284.3585638661,19380.6361360086,3142.24141111214,19380.6361360086,3142.24141111214,0
2023-12-31 12:00:00,-112.389296042482,36.7961754958886,6.082139407,1751.280783,0.321921749,0,0,19.8141008728329,4.33737484503335,1.00758530498897,"04005002000","Census Tract 20, Coconino County, Arizona",2.80661638174944e-07,2037,c(376053.269709964, 4073162.0286693),112203.898242248,10000.2021852026,16824.9018937935,10000.2021852026,10000.2021852026,1
2023-12-31 12:00:00,-111.200951517934,35.7034329226719,10.35446353,1377.018694,0,0.35001438,0,23.0922509361921,7.44222415983823,0.602978206697281,"04005945100","Census Tract 9451, Coconino County, Arizona",6.27200266358516e-07,3679,c(481821.138181499, 3951074.2477916),58679.2716512497,24488.6239934829,6679.5711206948,24488.6239934829,6679.5711206948,0
2023-12-31 12:00:00,-112.381918712687,36.3835611005547,76.15462729,1598.105293,0.159666283,0.001726122,0,21.2705890340947,5.67252428261429,1.0151158153039,"04005002000","Census Tract 20, Coconino County, Arizona",2.80661638174944e-07,2037,c(376053.269709964, 4027379.11084017),125517.717932455,22647.608218048,5607.19969759586,22647.608218048,5607.19969759586,0
2023-12-31 12:00:00,-110.94143577422,35.2907756883192,2.159934597,1435.620155,0,0.246626471,0,22.6283418364085,5.60662266569545,0.512483187645192,"04005945100","Census Tract 9451, Coconino County, Arizona",6.27200266358516e-07,3679,c(505325.108952952, 3905291.32996247),21305.9421940768,3772.52134338056,1958.46025776446,3772.52134338056,1958.46025776446,0
2023-12-31 12:00:00,-110.940931730923,35.9787775753815,6.765191058,1797.571305,0,0.439907993,0,20.1024651341634,4.30053300231607,0.68416251521743,"04005945100","Census Tract 9451, Coconino County, Arizona",6.27200266358516e-07,3679,c(505325.108952952, 3981596.19301103),95469.0701142262,1704.65630007901,5423.92598316993,1704.65630007901,1704.65630007901,1
2023-12-31 12:00:00,-112.640996421504,36.2427144092293,20.7876012,1786.645486,0,0,0,19.3893132020596,3.87715504460042,1.06828019942537,"04005002300","Census Tract 23, Coconino County, Arizona",5.32670460506318e-07,6674,c(352549.298938511, 4012118.13823045),104822.721633758,48221.3928555711,1068.37275577597,48221.3928555711,1068.37275577597,0
2023-12-31 12:00:00,-111.593738773572,36.114911822411,5.775454076,1519.063848,0,0.124532643,0,21.6231849325557,6.76019613747264,0.810327522490281,"04005945000","Census Tract 9450, Coconino County, Arizona",1.05607220809452e-06,4180,c(446565.182024321, 3996857.16562074),98890.5178366707,17820.8897942256,10582.4697750426,17820.8897942256,10582.4697750426,0
2023-12-31 12:00:00,-111.072176577791,36.9418403980117,27.82762077,1393.88809,0,0,0,21.5507646327384,7.75697509349949,0.490082815142433,"04005942202","Census Tract 9422.02, Coconino County, Arizona",1.31120068714677e-06,3813,c(493573.123567225, 4088423.00127901),195286.61675646,24699.3329207797,12655.6698877311,24699.3329207797,12655.6698877311,0
2023-12-31 12:00:00,-111.201997989158,36.116212806168,7.359281527,1495.735387,0,0.348401958,0,21.8370236601984,6.47113262994534,0.587929638592782,"04005944900","Census Tract 9449, Coconino County, Arizona",1.80599784136051e-05,4631,c(481821.138181499, 3996857.16562074),103057.635473353,927.103526564722,502.876635367785,927.103526564722,502.876635367785,0
2023-12-31 12:00:00,-112.492155607938,35.2815857631402,5.979682944,1637.201437,0.060344828,0,0,21.4625112011156,3.50023100788937,1.06505853184758,"04005002300","Census Tract 23, Coconino County, Arizona",5.32670460506318e-07,6674,c(364301.284324237, 3905291.32996247),6782.34702564832,6291.49211822386,1476.55495388144,6291.49211822386,1476.55495388144,0
2023-12-31 12:00:00,-111.5876492216,35.2893623913336,7.900985506,2243.699339,0.618281115,0,0,16.4011407193158,-0.535844956448423,1.51609339894841,"04005002200","Census Tract 22, Coconino County, Arizona",1.35710650157221e-06,6457,c(446565.182024321, 3905291.32996247),7959.08794661987,4115.38580338585,7717.72018825289,4115.38580338585,4115.38580338585,1
2023-12-31 12:00:00,-112.240088718085,35.6972123364603,3.603795909,1771.912906,0,0.338890486,0,19.9728343729492,3.27158094629888,1.11593337493484,"04005002300","Census Tract 23, Coconino County, Arizona",5.32670460506318e-07,6674,c(387805.25509569, 3951074.2477916),48356.3919627251,9600.61689020448,7522.34332329012,9600.61689020448,7522.34332329012,0
2023-12-31 12:00:00,-110.809241204292,36.5289844803234,5.60442705,1872.865091,0,0,0,19.2177110798375,4.89934496010737,0.627990037438271,"04005942202","Census Tract 9422.02, Coconino County, Arizona",1.31120068714677e-06,3813,c(517077.094338678, 4042640.08344988),156769.211345154,5862.39674872517,4558.79844256991,5862.39674872517,4558.79844256991,0
2023-12-31 12:00:00,-111.594777996883,36.2524922512775,6.714611129,1642.18971,0,0.485196896,0,20.503113320677,5.7315080922295,0.823688667722327,"04005945000","Census Tract 9450, Coconino County, Arizona",1.05607220809452e-06,4180,c(446565.182024321, 4012118.13823045),113750.472774529,12812.5006249737,11957.4126150285,12812.5006249737,11957.4126150285,0
2023-12-31 12:00:00,-111.199254000035,35.0154034173429,12.77492248,1899.930239,0.515710579,0.006053618,0,19.021817556387,2.7171164393162,1.11835741059761,"04005001500","Census Tract 15, Coconino County, Arizona",4.58277424434583e-07,3186,c(481821.138181499, 3874769.38474304),12275.345164996,30523.4299815147,700.499431484664,12275.345164996,700.499431484664,0
2023-12-31 12:00:00,-112.233762759894,35.2844975779218,7.325406137,2098.404255,0.926682001,0.001725129,0,18.0715803188135,1.54759028689043,1.50423163132333,"04005001700","Census Tract 17, Coconino County, Arizona",1.36342577654707e-05,3417,c(387805.25509569, 3905291.32996247),4360.35628105921,7864.76439461724,4651.57257992078,4360.35628105921,4360.35628105921,1
2023-12-31 12:00:00,-110.809577891357,36.3914037717034,18.0644994,1954.508211,0.036012676,0.014981273,0,18.7132671225306,4.14788916583495,0.665990660438877,"04005945100","Census Tract 9451, Coconino County, Arizona",6.27200266358516e-07,3679,c(517077.094338678, 4027379.11084017),142545.278247962,2627.62122506227,5704.65427282682,2627.62122506227,2627.62122506227,1
2023-12-31 12:00:00,-111.585673783904,35.0141539034036,7.479944605,2236.137802,0.992807825,0.000287687,0,16.2361450793285,0.274393523066485,1.85653549301744,"04005001500","Census Tract 15, Coconino County, Arizona",4.58277424434583e-07,3186,c(446565.182024321, 3874769.38474304),9020.74848677659,13579.2083185594,3949.08379686002,9020.74848677659,3949.08379686002,0
2023-12-31 12:00:00,-111.719326111761,35.5638542561012,4.848215217,1908.152537,0.006920415,0.888408304,0,18.9177409804046,2.09398879030834,1.14549688640657,"04005002200","Census Tract 22, Coconino County, Arizona",1.35710650157221e-06,6457,c(434813.196638594, 3935813.27518189),36966.29012984,11379.029396056,7833.84110641006,11379.029396056,7833.84110641006,0
2023-12-31 12:00:00,-111.600081167981,36.9403463413982,10.84046427,1329.278641,0,0,0,21.9764371159286,7.87651992388056,0.523289539107356,"04005002000","Census Tract 20, Coconino County, Arizona",2.80661638174944e-07,2037,c(446565.182024321, 4088423.00127901),180179.435475733,6434.14001607405,3557.93580593206,6434.14001607405,3557.93580593206,0
2023-12-31 12:00:00,-112.244378038754,35.9723392142707,5.75992932,1928.767301,0.866782007,0,0,18.5333499349448,2.00808966446164,1.15931693762276,"04005002300","Census Tract 23, Coconino County, Arizona",5.32670460506318e-07,6674,c(387805.25509569, 3981596.19301103),78785.2270746463,10243.6785028897,8156.16750291167,10243.6785028897,8156.16750291167,0
2023-12-31 12:00:00,-111.987166689266,36.2498975986455,58.88566524,2427.759126,0.346076459,0.141994826,0,13.6634688629874,-1.40277521515761,1.49343524349513,"04005002000","Census Tract 20, Coconino County, Arizona",2.80661638174944e-07,2037,c(411309.225867142, 4012118.13823045),109403.104094246,14980.3998813338,11308.760671856,14980.3998813338,11308.760671856,0
2023-12-31 12:00:00,-112.899131987446,36.1013290543854,5.59725426,1838.822599,0,0.007763082,0,19.0890697368684,3.69476587845984,1.11239414801472,"04005002300","Census Tract 23, Coconino County, Arizona",5.32670460506318e-07,6674,c(329045.328167059, 3996857.16562074),86362.5677841125,69979.0336830371,15940.3832078906,69979.0336830371,15940.3832078906,0
2023-12-31 12:00:00,-113.290532083337,36.0944835258102,68.77542445,655.3876905,0,0.012942192,0,27.91623038482,11.4108879232985,0.484540473260239,"04005002300","Census Tract 23, Coconino County, Arizona",5.32670460506318e-07,6674,c(293789.37200988, 3996857.16562074),90939.8626478238,60049.1753207596,11682.5126664975,60049.1753207596,11682.5126664975,0
2023-12-31 12:00:00,-110.941534549198,35.1531658789106,3.446103774,1500.258695,0,0.652486347,0,22.062812581932,4.87821544513447,0.544895393286582,"04005001500","Census Tract 15, Coconino County, Arizona",4.58277424434583e-07,3186,c(505325.108952952, 3890030.35735276),6241.35326284663,2890.16051472146,1087.08205591663,2890.16051472146,1087.08205591663,0
2023-12-31 12:00:00,-111.335531507514,36.8038171156604,9.745076353,1555.694301,0,0,0,20.5639545507586,6.92383312596142,0.57223225316383,"04005942201","Census Tract 9422.01, Coconino County, Arizona",1.70879818657908e-06,4073,c(470069.152795773, 4073162.0286693),177010.873328395,2622.0630542821,2756.06873948269,2622.0630542821,2622.0630542821,1
2023-12-31 12:00:00,-111.201646798051,35.9786226750276,5.092427067,1630.003745,0,0.034284068,0,21.0560566591014,5.46684806952584,0.663535491255906,"04005944900","Census Tract 9449, Coconino County, Arizona",1.80599784136051e-05,4631,c(481821.138181499, 3981596.19301103),88108.1367906764,6549.41102413088,970.940847724902,6549.41102413088,970.940847724902,0
2023-12-31 12:00:00,-112.250922035869,36.3850049718665,21.39815368,2519.946686,0.980403458,0.013832853,0,14.5073542992747,-0.83716500752924,1.46146762135925,"04005002000","Census Tract 20, Coconino County, Arizona",2.80661638174944e-07,2037,c(387805.25509569, 4027379.11084017),124513.026661808,11036.1304039939,5006.80417226589,11036.1304039939,5006.80417226589,0
2023-12-31 12:00:00,-111.972058079333,35.0116743459349,49.16282488,1503.570155,0.186313974,0.170787809,0,22.8798474501903,5.84242777611697,1.26697198006791,"04005002200","Census Tract 22, Coconino County, Arizona",1.35710650157221e-06,6457,c(411309.225867142, 3874769.38474304),26074.8556602828,20690.5765463726,3704.17727635852,20690.5765463726,3704.17727635852,0
2023-12-31 12:00:00,-112.518271305978,36.6570373117608,18.97049749,1749.533487,0,0.001437195,0,19.827560401414,4.33195765975748,1.05359713578654,"04005002000","Census Tract 20, Coconino County, Arizona",2.80661638174944e-07,2037,c(364301.284324237, 4057901.05605959),105476.987091555,24562.7318431254,2839.7810727916,24562.7318431254,2839.7810727916,0
2023-12-31 12:00:00,-113.015652411688,35.5491485978528,13.55928886,1984.78631,0.98849583,0,0,18.4087932782525,2.64115691053413,1.15428331341191,"04005002300","Census Tract 23, Coconino County, Arizona",5.32670460506318e-07,6674,c(317293.342781333, 3935813.27518189),26126.3257232078,13113.8765481159,13371.3281659318,13113.8765481159,13113.8765481159,1
2023-12-31 12:00:00,-111.334933350368,36.6662443639667,7.224673191,1800.626509,0,0,0,19.2616394756543,5.53028206692665,0.665283312800124,"04005942201","Census Tract 9422.01, Coconino County, Arizona",1.70879818657908e-06,4073,c(470069.152795773, 4057901.05605959),161869.379399063,6996.36321044706,9546.26970083294,6996.36321044706,6996.36321044706,1
2023-12-31 12:00:00,-111.713280948642,34.8758585639919,35.76416379,1623.626831,0.682849756,0.005170928,0,21.214322537355,4.50562639908578,1.54703051046392,"04005001600","Census Tract 16, Coconino County, Arizona",2.62818377699613e-05,3150,c(434813.196638594, 3859508.41213333),6670.76403774319,2268.31673110158,1491.83400675414,2268.31673110158,1491.83400675414,0
2023-12-31 12:00:00,-111.720559921797,35.7014438656084,10.88351575,1924.424669,0,0.041115584,0,18.6046911535921,2.26344520678709,1.09407285243032,"04005945000","Census Tract 9450, Coconino County, Arizona",1.05607220809452e-06,4180,c(434813.196638594, 3951074.2477916),51624.5855746834,19310.4025271916,5429.41930148118,19310.4025271916,5429.41930148118,0
2023-12-31 12:00:00,-112.106428471299,35.4233277309711,7.033802997,2019.486906,0.614676259,0.050359712,0,18.3854701152174,1.5238655029363,1.29628767147057,"04005002300","Census Tract 23, Coconino County, Arizona",5.32670460506318e-07,6674,c(399557.240481416, 3920552.30257218),18067.5695519702,5823.63134915401,6614.97596333126,5823.63134915401,5823.63134915401,1
2023-12-31 12:00:00,-111.864011228923,36.9387195088031,7.573053798,1782.250216,0,0,0,19.0535747168836,4.88473100826504,0.721633250431472,"04005002000","Census Tract 20, Coconino County, Arizona",2.80661638174944e-07,2037,c(423061.211252868, 4088423.00127901),156714.38310444,22566.0005019554,6150.10031423928,22566.0005019554,6150.10031423928,0
2023-12-31 12:00:00,-112.362963816301,35.2831106351806,8.510166079,1833.418678,0.737931034,0.000574713,0,19.8618300099602,2.59201992322519,1.29811208057501,"04005002300","Census Tract 23, Coconino County, Arizona",5.32670460506318e-07,6674,c(376053.269709964, 3905291.32996247),7324.05920367297,12177.7238576761,647.607730289594,7324.05920367297,647.607730289594,0
2023-12-31 12:00:00,-111.457637881908,35.152315733549,5.288387745,2004.630716,0.797238999,0.00949094,0,18.0300205540913,1.57911830616413,1.37598754657238,"04005001500","Census Tract 15, Coconino County, Arizona",4.58277424434583e-07,3186,c(458317.167410047, 3890030.35735276),5513.51383095287,8258.86765672354,2203.44360719845,5513.51383095287,2203.44360719845,0
2023-12-31 12:00:00,-112.756469384174,35.5532040404148,14.62507055,1970.824496,0.693083573,0,0,18.850098376444,2.16179825655561,1.15018742236682,"04005002300","Census Tract 23, Coconino County, Arizona",5.32670460506318e-07,6674,c(340797.313552785, 3935813.27518189),28235.1921039958,26951.0360037302,2265.24937939445,26951.0360037302,2265.24937939445,0
2023-12-31 12:00:00,-111.976992241679,35.4244443601668,6.005443359,2145.820115,0.747701149,0.000287356,0,17.2403094611366,0.278297010042065,1.4046618926848,"04005002300","Census Tract 23, Coconino County, Arizona",5.32670460506318e-07,6674,c(411309.225867142, 3920552.30257218),18838.885796755,16377.8125259542,1922.03652965346,16377.8125259542,1922.03652965346,0
2023-12-31 12:00:00,-112.242226111163,35.8347774087732,6.399608735,1809.887356,0.005747126,0,0,19.4482471955742,2.85621482078406,1.10438729813685,"04005002300","Census Tract 23, Coconino County, Arizona",5.32670460506318e-07,6674,c(387805.25509569, 3966335.22040132),63559.6494596558,9962.3228684687,18536.8670811225,9962.3228684687,9962.3228684687,1
2023-12-31 12:00:00,-111.597938288689,36.6652143353825,5.259869929,1893.859977,0,0,0,18.3881307585776,4.85629638845284,0.756998131610696,"04005942201","Census Tract 9422.01, Coconino County, Arizona",1.70879818657908e-06,4073,c(446565.182024321, 4057901.05605959),158777.111118356,1940.7809787921,11523.1661623504,1940.7809787921,1940.7809787921,1
2023-12-31 12:00:00,-112.502390000095,35.8318062414392,3.034176177,1700.792637,0,0,0,20.4223530558572,4.19074844616718,1.01480074605715,"04005002300","Census Tract 23, Coconino County, Arizona",5.32670460506318e-07,6674,c(364301.284324237, 3966335.22040132),65586.8112508345,33388.8216373257,22216.0559067479,33388.8216373257,22216.0559067479,0
2023-12-31 12:00:00,-111.069977886797,34.4650636821429,11.68679025,2288.740219,0.973532796,0.001438435,0,15.91368369169,2.51244707306989,2.05916749668373,"04005001500","Census Tract 15, Coconino County, Arizona",4.58277424434583e-07,3186,c(493573.123567225, 3813725.4943042),59816.0259512576,15153.9699512983,3581.08274370793,15153.9699512983,3581.08274370793,0
2023-12-31 12:00:00,-112.231682524023,35.1469194979613,8.837749473,2039.962237,0.964543096,0,0,18.4079744708521,2.28368929115493,1.54493648525152,"04005002300","Census Tract 23, Coconino County, Arizona",5.32670460506318e-07,6674,c(387805.25509569, 3890030.35735276),8463.26481243472,14496.4123529328,2274.64070968147,8463.26481243472,2274.64070968147,0
2023-12-31 12:00:00,-112.377083209426,36.1084682536837,4.720510262,1940.219505,0.51726122,0,0,18.4868785788419,2.55611270295013,1.15402179109234,"04005002300","Census Tract 23, Coconino County, Arizona",5.32670460506318e-07,6674,c(376053.269709964, 3996857.16562074),95344.3085288306,26265.9166208423,1659.2967054256,26265.9166208423,1659.2967054256,0
2023-12-31 12:00:00,-111.071043704513,35.7035797006334,14.32323211,1495.46981,0,0.024151811,0,22.1488250271917,5.88842527948076,0.695856787173784,"04005945100","Census Tract 9451, Coconino County, Arizona",6.27200266358516e-07,3679,c(493573.123567225, 3951074.2477916),62816.0991766243,28302.7682886656,6959.20599189994,28302.7682886656,6959.20599189994,0
2023-12-31 12:00:00,-110.813753302252,34.6025670560901,6.771967984,1982.054483,0.054194292,0.803401557,0,18.4872833134779,2.85452055066696,1.29278206730396,"04005001500","Census Tract 15, Coconino County, Arizona",4.58277424434583e-07,3186,c(517077.094338678, 3828986.46691391),47699.5758208841,13952.5690267206,7266.87160445224,13952.5690267206,7266.87160445224,0
2023-12-31 12:00:00,-112.112130787563,35.8360518515251,4.810897267,1924.587,0.222030486,0.024158758,0,18.6565031162918,2.06818493139474,1.16767310059908,"04005002300","Census Tract 23, Coconino County, Arizona",5.32670460506318e-07,6674,c(399557.240481416, 3966335.22040132),63527.6414221557,1782.90703916215,7043.78612935171,1782.90703916215,1782.90703916215,1
2023-12-31 12:00:00,-111.200265599788,35.4282305499937,6.947464799,1417.311079,0,0.838273381,0,22.5223412249947,6.13907534408497,0.687582814899905,"04005945100","Census Tract 9451, Coconino County, Arizona",6.27200266358516e-07,3679,c(481821.138181499, 3920552.30257218),30275.1875249756,23559.5129392255,1966.63929499933,23559.5129392255,1966.63929499933,0
2023-12-31 12:00:00,-112.374689929984,35.9709168728166,10.72739097,1792.058063,0,0.147456166,0,19.8858779586423,3.69250062394783,1.0528275220569,"04005002300","Census Tract 23, Coconino County, Arizona",5.32670460506318e-07,6674,c(376053.269709964, 3981596.19301103),80354.2513446537,21938.1226384084,8866.28748765353,21938.1226384084,8866.28748765353,0
2023-12-31 12:00:00,-112.114057469165,35.9736200758817,6.758726603,2038.817344,0.687121867,0.003169116,0,17.7375809408951,1.36451307740368,1.22223349993684,"04005002300","Census Tract 23, Coconino County, Arizona",5.32670460506318e-07,6674,c(399557.240481416, 3981596.19301103),78762.1003073532,1038.11601870868,2532.28882971694,1038.11601870868,1038.11601870868,1
2023-12-31 12:00:00,-111.596877704858,36.5276435126146,23.76903551,1713.394532,0,0.012086331,0,20.0924912837822,5.8728704866065,0.709376712100402,"04005945000","Census Tract 9450, Coconino County, Arizona",1.05607220809452e-06,4180,c(446565.182024321, 4042640.08344988),143716.905797861,508.230211490656,12404.5476549986,508.230211490656,508.230211490656,1
2023-12-31 12:00:00,-111.995967359629,36.937686197157,9.545296814,1846.652486,0,0.001437195,0,18.7207011305693,4.18852988722149,0.786263387416429,"04005002000","Census Tract 20, Coconino County, Arizona",2.80661638174944e-07,2037,c(411309.225867142, 4088423.00127901),144986.584914088,23282.8509105285,1346.17472596024,23282.8509105285,1346.17472596024,0
2023-12-31 12:00:00,-112.902453843557,36.238841294919,39.38780587,1195.05688,0,0,0,23.392949572275,7.15826401303422,0.816523039322178,"04005002300","Census Tract 23, Coconino County, Arizona",5.32670460506318e-07,6674,c(329045.328167059, 4012118.13823045),101613.592915789,69297.1907875581,13447.6598463071,69297.1907875581,13447.6598463071,0
2023-12-31 12:00:00,-111.456869976409,35.0147070966944,6.868469534,2131.248922,0.914343202,0,0,17.073259650454,1.04156351302869,1.62475217839282,"04005001500","Census Tract 15, Coconino County, Arizona",4.58277424434583e-07,3186,c(458317.167410047, 3874769.38474304),19555.8224119059,22175.6471761317,4138.54238933167,19555.8224119059,4138.54238933167,0
2023-12-31 12:00:00,-111.327515399161,34.87750971418,4.402062976,2193.561207,0.507183908,0.063218391,0,16.4531401026568,0.906747196017504,1.65952054862882,"04005001500","Census Tract 15, Coconino County, Arizona",4.58277424434583e-07,3186,c(470069.152795773, 3859508.41213333),25481.6767109786,27916.7569610468,2596.16574335568,25481.6767109786,2596.16574335568,0
2023-12-31 12:00:00,-111.72305277194,35.9766135125118,18.57091588,1797.379141,0.000288101,0,0,19.196404112966,3.93812951334136,1.0665933994436,"04005002200","Census Tract 22, Coconino County, Arizona",1.35710650157221e-06,6457,c(434813.196638594, 3981596.19301103),81572.7869025595,4539.11214130122,1410.0343061169,4539.11214130122,1410.0343061169,0
2023-12-31 12:00:00,-111.330291370558,35.5655477740499,5.700910963,1376.067972,0,0.630760369,0,22.796486297932,6.66872664913205,0.647766502156086,"04005002200","Census Tract 22, Coconino County, Arizona",1.35710650157221e-06,6457,c(470069.152795773, 3935813.27518189),40893.4080314353,18108.5787611244,2575.40507381048,18108.5787611244,2575.40507381048,0
2023-12-31 12:00:00,-110.941923021087,34.6026953758394,14.35855143,2029.205865,0.869752731,0.008050604,0,18.1036164439033,2.71001182949588,1.47382005012675,"04005001500","Census Tract 15, Coconino County, Arizona",4.58277424434583e-07,3186,c(505325.108952952, 3828986.46691391),51805.6093974037,15827.1013590918,8290.92237575632,15827.1013590918,8290.92237575632,0
2023-12-31 12:00:00,-112.37949276598,36.2460163315685,62.71144466,883.3178161,0,0,0,26.3187297626228,10.4851737243127,0.730481319754258,"04005002000","Census Tract 20, Coconino County, Arizona",2.80661638174944e-07,2037,c(376053.269709964, 4012118.13823045),110407.540583512,25618.189369327,9278.56928041759,25618.189369327,9278.56928041759,0
2023-12-31 12:00:00,-111.464788363369,36.3906512572383,6.244224205,1710.575496,0,0.030486051,0,20.0959470716055,5.53006662780317,0.719797012408454,"04005942201","Census Tract 9422.01, Coconino County, Arizona",1.70879818657908e-06,4073,c(458317.167410047, 4027379.11084017),130288.233050141,4937.71909583295,8618.74250319457,4937.71909583295,4937.71909583295,1
2023-12-31 12:00:00,-112.504992235226,35.969353083149,7.371675974,1719.073829,0,0.045101982,0,20.1947584085805,4.17613760866018,1.02514819489725,"04005002300","Census Tract 23, Coconino County, Arizona",5.32670460506318e-07,6674,c(364301.284324237, 3981596.19301103),79604.9660359593,33667.7141360259,11279.1478718691,33667.7141360259,11279.1478718691,0
2023-12-31 12:00:00,-111.978659381017,35.5620279548475,8.678444148,2018.419661,0.11957459,0.484622018,0,18.1803181803786,1.28340597413258,1.2791768353966,"04005002300","Census Tract 23, Coconino County, Arizona",5.32670460506318e-07,6674,c(411309.225867142, 3935813.27518189),33600.6546719676,2385.70397780808,11450.5302810162,2385.70397780808,2385.70397780808,1
2023-12-31 12:00:00,-112.100840913136,35.010574561208,14.58380947,1965.968345,0.770359712,0.120863309,0,19.0034221620047,3.31675591670238,1.48634433578609,"04005002300","Census Tract 23, Coconino County, Arizona",5.32670460506318e-07,6674,c(399557.240481416, 3874769.38474304),26805.8576353013,26325.2364591159,7993.87309418077,26325.2364591159,7993.87309418077,0
2023-12-31 12:00:00,-111.325894422072,34.4646492959975,14.74046165,2244.239781,0.168393782,0.66810593,0,16.1104925286166,3.4075460761005,2.11591842893796,"04005001500","Census Tract 15, Coconino County, Arizona",4.58277424434583e-07,3186,c(470069.152795773, 3813725.4943042),43382.3094779632,5000.8520045634,5010.13444644989,5000.8520045634,5000.8520045634,1
2023-12-31 12:00:00,-112.384361163806,36.5211025547877,13.46020082,2275.876689,0.815176775,0,0,16.1562391080258,0.902076589641013,1.33693648850265,"04005002000","Census Tract 20, Coconino County, Arizona",2.80661638174944e-07,2037,c(376053.269709964, 4042640.08344988),122465.360074956,18469.4581817522,18064.7789604549,18469.4581817522,18064.7789604549,0
2023-12-31 12:00:00,-111.336133737948,36.9413866691975,17.22850742,1320.006336,0,0.005760369,0,22.4889327505446,8.6584327556473,0.453400374164137,"04005942202","Census Tract 9422.02, Coconino County, Arizona",1.31120068714677e-06,3813,c(470069.152795773, 4088423.00127901),192169.447690279,6381.87621144028,4459.78924193893,6381.87621144028,4459.78924193893,0
2023-12-31 12:00:00,-113.029613204337,36.0991891470183,15.64018989,1967.023022,0.18618705,0,0,17.7928991265111,2.87205230166093,1.12981569071742,"04005002300","Census Tract 23, Coconino County, Arizona",5.32670460506318e-07,6674,c(317293.342781333, 3996857.16562074),86618.3901370765,65660.8092401979,8020.75393153142,65660.8092401979,8020.75393153142,0
2023-12-31 12:00:00,-111.715674459229,35.1510663477311,5.723931544,2185.861343,0.999423465,0,0,16.8081724806611,-0.0955217948736275,1.75894333844424,"04005002200","Census Tract 22, Coconino County, Arizona",1.35710650157221e-06,6457,c(434813.196638594, 3890030.35735276),2983.99781107733,2991.26928172913,18605.8370636534,2983.99781107733,2983.99781107733,1
2023-12-31 12:00:00,-111.460762083971,35.702718765816,3.553295371,1552.359195,0,0.436494253,0,21.5526706051276,5.66241158095265,0.734578456214927,"04005002200","Census Tract 22, Coconino County, Arizona",1.35710650157221e-06,6457,c(458317.167410047, 3951074.2477916),54469.7829183562,2886.88323449981,4120.53362959332,2886.88323449981,2886.88323449981,1
2023-12-31 12:00:00,-112.632456762995,35.8301095827665,2.995672915,1728.440644,0,0.007185973,0,20.2768611420446,4.05551245478309,1.00762141962963,"04005002300","Census Tract 23, Coconino County, Arizona",5.32670460506318e-07,6674,c(352549.298938511, 3966335.22040132),60940.6730385955,45127.0259552138,28169.9500314334,45127.0259552138,28169.9500314334,0
2023-12-31 12:00:00,-113.026087459201,35.9616841848026,5.45988705,1987.972126,0.404885057,0.006321839,0,17.9410168081651,2.75584495853869,1.09126836906754,"04005002300","Census Tract 23, Coconino County, Arizona",5.32670460506318e-07,6674,c(317293.342781333, 3981596.19301103),71418.4213676838,51315.4754454559,16702.3684287639,51315.4754454559,16702.3684287639,0
2023-12-31 12:00:00,-111.198921345628,34.8777881078571,4.382299453,1930.409078,0.164320598,0.048261994,0,18.6385684911981,2.55305604152165,1.3060398495473,"04005001500","Census Tract 15, Coconino County, Arizona",4.58277424434583e-07,3186,c(481821.138181499, 3859508.41213333),27211.6841381468,19772.646456974,1211.67548914082,19772.646456974,1211.67548914082,0
2023-12-31 12:00:00,-111.846112776259,35.2878305406835,7.363440082,2264.692263,0.904515387,0.008052919,0,16.4784956419714,-0.62741780861452,1.57840286341307,"04005002200","Census Tract 22, Coconino County, Arizona",1.35710650157221e-06,6457,c(423061.211252868, 3905291.32996247),4372.42943894488,6967.83073276929,2624.1145557198,4372.42943894488,2624.1145557198,0
2023-12-31 12:00:00,-112.753478540305,35.4156648828525,5.435758495,1882.89148,0.708117444,0,0,19.6026021202509,2.30555852809799,1.24403984931646,"04005002300","Census Tract 23, Coconino County, Arizona",5.32670460506318e-07,6674,c(340797.313552785, 3920552.30257218),14888.0826628175,13568.8162103342,4774.09421923215,13568.8162103342,4774.09421923215,0
2023-12-31 12:00:00,-112.895832565248,35.9638133882532,3.858817798,1838.744393,0,0.002012651,0,19.2589277786916,3.59791843016645,1.07337982563713,"04005002300","Census Tract 23, Coconino County, Arizona",5.32670460506318e-07,6674,c(329045.328167059, 3981596.19301103),71115.5257494041,56555.5226508054,24267.7498751682,56555.5226508054,24267.7498751682,0
2023-12-31 12:00:00,-111.726855996228,36.3893439744939,3.376093612,1789.724784,0,0.20778098,0,19.3286550387376,4.77374283980371,0.908765255466133,"04005945000","Census Tract 9450, Coconino County, Arizona",1.05607220809452e-06,4180,c(434813.196638594, 4027379.11084017),126871.692383772,16432.3182486285,18929.5743146125,16432.3182486285,16432.3182486285,1
2023-12-31 12:00:00,-111.853393927265,35.9757572487718,6.036500913,2069.883012,0.671169876,0,0,17.5402546760454,1.94901120904536,1.20408779557002,"04005002200","Census Tract 22, Coconino County, Arizona",1.35710650157221e-06,6457,c(423061.211252868, 3981596.19301103),79977.9359231406,5089.51496446028,1089.08998184622,5089.51496446028,1089.08998184622,0
2023-12-31 12:00:00,-110.940303884869,36.8042754353096,12.50236023,1633.811619,0,0,0,20.2781014942732,6.57718368776733,0.542439600940598,"04005942202","Census Tract 9422.02, Coconino County, Arizona",1.31120068714677e-06,3813,c(505325.108952952, 4073162.0286693),182617.851859199,20807.8991362071,1021.85343270997,20807.8991362071,1021.85343270997,0
2023-12-31 12:00:00,-112.497238132101,35.5567026118313,3.98710339,1715.175338,0,0.233400402,0,20.7313150686728,3.4752858075192,1.05087982663935,"04005002300","Census Tract 23, Coconino County, Arizona",5.32670460506318e-07,6674,c(364301.284324237, 3935813.27518189),37155.7125576162,29862.2745891908,7742.08555401282,29862.2745891908,7742.08555401282,0
2023-12-31 12:00:00,-113.156328236077,35.9594137383476,22.64131478,1861.821089,0.619706137,0,0,19.370332503495,4.00417434395759,0.900709215011145,"04005002300","Census Tract 23, Coconino County, Arizona",5.32670460506318e-07,6674,c(305541.357395607, 3981596.19301103),73383.8845137448,47358.4036016012,12665.9830743005,47358.4036016012,12665.9830743005,0
2023-12-31 12:00:00,-110.810574360806,35.9786425910286,5.838846931,1780.603572,0,0.670988188,0,20.2309377328699,4.31801059064539,0.642460772961358,"04005945100","Census Tract 9451, Coconino County, Arizona",6.27200266358516e-07,3679,c(517077.094338678, 3981596.19301103),98305.6517654562,1032.24873658306,424.291117873677,1032.24873658306,424.291117873677,0
2023-12-31 12:00:00,-111.466437489596,36.6658019440707,3.857428704,1753.085895,0,0,0,19.3726637614919,5.65978455846585,0.67632752255459,"04005942201","Census Tract 9422.01, Coconino County, Arizona",1.70879818657908e-06,4073,c(458317.167410047, 4057901.05605959),160741.974075207,12488.5686669691,12760.56248941,12488.5686669691,12488.5686669691,1
2023-12-31 12:00:00,-110.80856093893,36.8041363423553,32.3876378,1734.785899,0.003453237,0,0,19.6282048509451,5.83336736942944,0.570731631282993,"04005942202","Census Tract 9422.02, Coconino County, Arizona",1.31120068714677e-06,3813,c(517077.094338678, 4073162.0286693),185709.73115857,23552.1499797545,10388.3994380935,23552.1499797545,10388.3994380935,0
2023-12-31 12:00:00,-111.198262764297,34.6025481234033,7.505839993,2109.558052,0.918755402,0.015269375,0,17.3382042348291,2.27527023778605,1.78265317432016,"04005001500","Census Tract 15, Coconino County, Arizona",4.58277424434583e-07,3186,c(481821.138181499, 3828986.46691391),41553.9590490961,567.361055170751,5704.61653856774,567.361055170751,567.361055170751,1
2023-12-31 12:00:00,-111.595824290873,36.3900694829745,5.068682,1895.658705,0,0.51971223,0,18.5645311267619,4.1473667508678,0.85444084745559,"04005945000","Census Tract 9450, Coconino County, Arizona",1.05607220809452e-06,4180,c(446565.182024321, 4027379.11084017),128701.73801566,5630.82861380393,13766.9195815478,5630.82861380393,5630.82861380393,1
2023-12-31 12:00:00,-112.235857140011,35.4220724150411,6.053406402,1869.02618,0.009493671,0.466628308,0,19.5148069694282,2.48734433346376,1.18729265331167,"04005002300","Census Tract 23, Coconino County, Arizona",5.32670460506318e-07,6674,c(387805.25509569, 3920552.30257218),18221.1517609898,5922.27189467369,890.701755144418,5922.27189467369,890.701755144418,0
2023-12-31 12:00:00,-111.985442083345,36.1123301322065,56.14184298,1388.980161,0,0.0146636,0,23.3948848056095,8.13937546665124,0.902079078879962,"04005002000","Census Tract 20, Coconino County, Arizona",2.80661638174944e-07,2037,c(411309.225867142, 3996857.16562074),94179.9213601421,18232.5197703253,12962.2886834732,18232.5197703253,12962.2886834732,0
2023-12-31 12:00:00,-112.369951756265,35.6958042261124,7.784177136,1720.415588,0,0.021570319,0,20.5271948951441,3.83991220285019,1.0461699861075,"04005002300","Census Tract 23, Coconino County, Arizona",5.32670460506318e-07,6674,c(376053.269709964, 3951074.2477916),50849.1437563048,21266.3415568259,2992.19117539063,21266.3415568259,2992.19117539063,0
2023-12-31 12:00:00,-112.108316376924,35.5609056733255,4.363869785,1872.020749,0,0.234005764,0,19.270492528485,2.44393648741665,1.18049003694466,"04005002200","Census Tract 22, Coconino County, Arizona",1.35710650157221e-06,6457,c(399557.240481416, 3935813.27518189),33130.6859488455,4369.55617398682,4316.8683619276,4369.55617398682,4316.8683619276,0
2023-12-31 12:00:00,-113.160080206557,36.0969072872227,23.40768256,1506.91825,0.000575705,0,0,22.0536245299324,6.28654794545254,0.809623288873532,"04005002300","Census Tract 23, Coconino County, Arizona",5.32670460506318e-07,6674,c(305541.357395607, 3996857.16562074),88284.3050857956,61975.9560012127,1461.31312554954,61975.9560012127,1461.31312554954,0
